carrier,study,horizon,group,old_n,new_n,gate_pass_after_known_patch,membership_changed,etf_event_old_mean_bp,etf_event_new_mean_bp,etf_event_mean_change_bp,etf_control_old_mean_bp,etf_control_new_mean_bp,etf_control_mean_change_bp,etf_incremental_old_mean_bp,etf_incremental_new_mean_bp,etf_incremental_mean_change_bp
512100.SH,published_endpoint,1,ALL,1271,1271,True,False,0.344186473080739,0.344186473080739,0,1.20555682022182,1.20555682022182,0,-0.861370347141075,-0.861370347141075,0
512100.SH,published_endpoint,1,2021,168,168,True,False,0.333594736503738,0.333594736503738,0,2.14579134495693,2.14579134495693,0,-1.8121966084532,-1.8121966084532,0
512100.SH,published_endpoint,1,2022,302,302,True,False,0.521562942159632,0.521562942159632,0,1.83706690635318,1.83706690635318,0,-1.31550396419349,-1.31550396419349,0
512100.SH,published_endpoint,1,2023,178,178,True,False,0.348946522724899,0.348946522724899,0,1.08545566125909,1.08545566125909,0,-0.736509138534212,-0.736509138534212,0
512100.SH,published_endpoint,1,2024,374,374,True,False,-0.140494032734629,-0.140494032734629,0,1.21190302192487,1.21190302192487,0,-1.35239705465953,-1.35239705465953,0
512100.SH,published_endpoint,1,2025,249,249,True,False,0.860792651479923,0.860792651479923,0,-0.118422775395614,-0.118422775395614,0,0.979215426875578,0.979215426875578,0
512100.SH,published_endpoint,1,LONG,616,616,True,False,0.428195641358646,0.428195641358646,0,0.906786666135592,0.906786666135592,0,-0.478591024776927,-0.478591024776927,0
512100.SH,published_endpoint,1,SHORT,655,655,True,False,0.265179377417852,0.265179377417852,0,1.48653760635483,1.48653760635483,0,-1.22135822893698,-1.22135822893698,0
512100.SH,published_endpoint,5,ALL,1268,1268,True,False,1.92621474070059,1.92621474070059,0,0.941834652219102,0.941834652219102,0,0.984380088481509,0.984380088481509,0
512100.SH,published_endpoint,5,2021,170,170,True,False,4.97685067317895,4.97685067317895,0,5.88145815061856,5.88145815061856,0,-0.904607477439584,-0.904607477439584,0
512100.SH,published_endpoint,5,2022,298,298,True,False,3.76608012885736,3.76608012885736,0,1.72124289642127,1.72124289642127,0,2.04483723243609,2.04483723243609,0
512100.SH,published_endpoint,5,2023,178,178,True,False,1.27473919937211,1.27473919937211,0,2.35900625115853,2.35900625115853,0,-1.08426705178644,-1.08426705178644,0
512100.SH,published_endpoint,5,2024,373,373,True,False,0.867242503065297,0.867242503065297,0,-0.868164603997555,-0.868164603997555,0,1.73540710706289,1.73540710706289,0
512100.SH,published_endpoint,5,2025,249,249,True,False,-0.306430653667313,-0.306430653667313,0,-1.66509897646588,-1.66509897646588,0,1.35866832279862,1.35866832279862,0
512100.SH,published_endpoint,5,LONG,619,619,True,False,1.23403556041068,1.23403556041068,0,0.614373448425357,0.614373448425357,0,0.619662111985366,0.619662111985366,0
512100.SH,published_endpoint,5,SHORT,649,649,True,False,2.58639796504489,2.58639796504489,0,1.25415897448155,1.25415897448155,0,1.33223899056334,1.33223899056334,0
512100.SH,published_endpoint,15,ALL,1268,1268,True,False,5.00668422871865,5.00668422871865,0,0.638323083178089,0.638323083178089,0,4.36836114554057,4.36836114554057,0
512100.SH,published_endpoint,15,2021,165,165,True,False,7.30860940650519,7.30860940650519,0,7.40134100581209,7.40134100581209,0,-0.0927315993068932,-0.0927315993068932,0
512100.SH,published_endpoint,15,2022,303,303,True,False,6.38071807442807,6.38071807442807,0,3.04591463626778,3.04591463626778,0,3.33480343816031,3.33480343816031,0
512100.SH,published_endpoint,15,2023,178,178,True,False,1.76540702122388,1.76540702122388,0,1.19490164820545,1.19490164820545,0,0.570505373018409,0.570505373018409,0
512100.SH,published_endpoint,15,2024,373,373,True,False,6.91990864982438,6.91990864982438,0,-1.69161467419052,-1.69161467419052,0,8.61152332401492,8.61152332401492,0
512100.SH,published_endpoint,15,2025,249,249,True,False,1.26035782019215,1.26035782019215,0,-3.6805620529551,-3.6805620529551,0,4.94091987314723,4.94091987314723,0
512100.SH,published_endpoint,15,LONG,612,612,True,False,4.62122977553167,4.62122977553167,0,-0.173982016858111,-0.173982016858111,0,4.79521179238979,4.79521179238979,0
512100.SH,published_endpoint,15,SHORT,656,656,True,False,5.36628502955772,5.36628502955772,0,1.39614430455332,1.39614430455332,0,3.9701407250044,3.9701407250044,0
512100.SH,published_endpoint,30,ALL,1259,1259,True,False,7.73913096311034,7.73913096311034,0,0.665334278369678,0.665334278369678,0,7.07379668474066,7.07379668474066,0
512100.SH,published_endpoint,30,2021,159,159,True,False,9.71135179234973,9.71135179234973,0,8.4542024020673,8.4542024020673,0,1.25714939028244,1.25714939028244,0
512100.SH,published_endpoint,30,2022,301,301,True,False,12.494900293174,12.494900293174,0,3.14580107374568,3.14580107374568,0,9.34909921942828,9.34909921942828,0
512100.SH,published_endpoint,30,2023,178,178,True,False,4.47523640151092,4.47523640151092,0,3.228796894166,3.228796894166,0,1.24643950734494,1.24643950734494,0
512100.SH,published_endpoint,30,2024,373,373,True,False,8.54598367970535,8.54598367970535,0,-3.46531512740084,-3.46531512740084,0,12.0112988071062,12.0112988071062,0
512100.SH,published_endpoint,30,2025,248,248,True,False,1.83166115858027,1.83166115858027,0,-2.9661764245958,-2.9661764245958,0,4.79783758317607,4.79783758317607,0
512100.SH,published_endpoint,30,LONG,608,608,True,False,6.27010365401101,6.27010365401101,0,0.0326793919443468,0.0326793919443468,0,6.23742426206668,6.23742426206668,0
512100.SH,published_endpoint,30,SHORT,651,651,True,False,9.11112574641662,9.11112574641662,0,1.25620090040747,1.25620090040747,0,7.85492484600914,7.85492484600914,0
512100.SH,published_endpoint,60,ALL,1261,1261,True,False,6.90076591332217,6.90076591332217,0,-0.0755810092241967,-0.0755810092241967,0,6.97634692254636,6.97634692254636,0
512100.SH,published_endpoint,60,2021,163,163,True,False,4.50868411370677,4.50868411370677,0,8.13509585256308,8.13509585256308,0,-3.62641173885632,-3.62641173885632,0
512100.SH,published_endpoint,60,2022,300,300,True,False,8.73152016274731,8.73152016274731,0,4.13657942041742,4.13657942041742,0,4.59494074232988,4.59494074232988,0
512100.SH,published_endpoint,60,2023,177,177,True,False,1.7401754929905,1.7401754929905,0,5.32870399508414,5.32870399508414,0,-3.58852850209359,-3.58852850209359,0
512100.SH,published_endpoint,60,2024,373,373,True,False,8.99635022960029,8.99635022960029,0,-6.1184796418804,-6.1184796418804,0,15.1148298714807,15.1148298714807,0
512100.SH,published_endpoint,60,2025,248,248,True,False,6.78969580419612,6.78969580419612,0,-5.33584598158557,-5.33584598158557,0,12.1255417857817,12.1255417857817,0
512100.SH,published_endpoint,60,LONG,607,607,True,False,9.78115163002692,9.78115163002692,0,-0.825399041547114,-0.825399041547114,0,10.606550671574,10.606550671574,0
512100.SH,published_endpoint,60,SHORT,654,654,True,False,4.22738039338367,4.22738039338367,0,0.620351017717717,0.620351017717717,0,3.60702937566594,3.60702937566594,0
512100.SH,published_endpoint,120,ALL,1265,1265,True,False,7.23558583238784,7.23558583238784,0,0.209408979312002,0.209408979312002,0,7.02617685307586,7.02617685307586,0
512100.SH,published_endpoint,120,2021,163,163,True,False,7.70100115591677,7.70100115591677,0,12.5509650738747,12.5509650738747,0,-4.84996391795783,-4.84996391795783,0
512100.SH,published_endpoint,120,2022,303,303,True,False,2.35114800794001,2.35114800794001,0,6.61692558326971,6.61692558326971,0,-4.26577757532973,-4.26577757532973,0
512100.SH,published_endpoint,120,2023,178,178,True,False,-3.06336153871084,-3.06336153871084,0,7.6601234966093,7.6601234966093,0,-10.7234850353201,-10.7234850353201,0
512100.SH,published_endpoint,120,2024,374,374,True,False,17.0435348367046,17.0435348367046,0,-5.02912949743871,-5.02912949743871,0,22.0726643341433,22.0726643341433,0
512100.SH,published_endpoint,120,2025,247,247,True,False,5.49130108547931,5.49130108547931,0,-13.2325544546437,-13.2325544546437,0,18.723855540123,18.723855540123,0
512100.SH,published_endpoint,120,LONG,613,613,True,False,12.6991673755266,12.6991673755266,0,0.00749329636958507,0.00749329636958507,0,12.691674079157,12.691674079157,0
512100.SH,published_endpoint,120,SHORT,652,652,True,False,2.09881361468227,2.09881361468227,0,0.399246883673508,0.399246883673508,0,1.6995667310088,1.6995667310088,0
512100.SH,published_endpoint,240,ALL,1261,1261,True,False,5.37121958707001,5.37121958707001,0,1.23985790519481,1.23985790519481,0,4.13136168187525,4.13136168187525,0
512100.SH,published_endpoint,240,2021,163,163,True,False,-11.8731985377343,-11.8731985377343,0,9.77334753310768,9.77334753310768,0,-21.6465460708419,-21.6465460708419,0
512100.SH,published_endpoint,240,2022,300,300,True,False,1.92988159193558,1.92988159193558,0,6.07493840647589,6.07493840647589,0,-4.14505681454027,-4.14505681454027,0
512100.SH,published_endpoint,240,2023,178,178,True,False,-3.46052803300604,-3.46052803300604,0,9.69439149201454,9.69439149201454,0,-13.1549195250205,-13.1549195250205,0
512100.SH,published_endpoint,240,2024,373,373,True,False,24.265163373735,24.265163373735,0,3.57458322346872,3.57458322346872,0,20.6905801502663,20.6905801502663,0
512100.SH,published_endpoint,240,2025,247,247,True,False,-1.23666868486952,-1.23666868486952,0,-19.8825812927979,-19.8825812927979,0,18.6459126079284,18.6459126079284,0
512100.SH,published_endpoint,240,LONG,610,610,True,False,14.2575569684777,14.2575569684777,0,-1.39781713074864,-1.39781713074864,0,15.6553740992263,15.6553740992263,0
512100.SH,published_endpoint,240,SHORT,651,651,True,False,-2.95545599305084,-2.95545599305084,0,3.71141208633997,3.71141208633997,0,-6.66686807939074,-6.66686807939074,0
588000.SH,published_endpoint,1,ALL,1802,1802,True,False,0.138791034527977,0.138791034527977,0,-0.491685248256761,-0.491685248256761,0,0.630476282784752,0.630476282784752,0
588000.SH,published_endpoint,1,2021,336,336,True,False,0.598706321257997,0.598706321257997,0,0.154333962398899,0.154333962398899,0,0.44437235885915,0.44437235885915,0
588000.SH,published_endpoint,1,2022,409,409,True,False,0.298495542340971,0.298495542340971,0,-0.517552086810758,-0.517552086810758,0,0.816047629151741,0.816047629151741,0
588000.SH,published_endpoint,1,2023,235,235,True,False,-1.70424635102816,-1.70424635102816,0,0.72143509824437,0.72143509824437,0,-2.42568144927255,-2.42568144927255,0
588000.SH,published_endpoint,1,2024,436,436,True,False,0.830943992395713,0.830943992395713,0,-1.27159159071235,-1.27159159071235,0,2.1025355831081,2.1025355831081,0
588000.SH,published_endpoint,1,2025,386,386,True,False,-0.090523950087158,-0.090523950087158,0,-0.884242330973977,-0.884242330973977,0,0.793718380886793,0.793718380886793,0
588000.SH,published_endpoint,1,LONG,869,869,True,False,0.696815004498181,0.696815004498181,0,-0.81299862871673,-0.81299862871673,0,1.50981363321492,1.50981363321492,0
588000.SH,published_endpoint,1,SHORT,933,933,True,False,-0.380954763868708,-0.380954763868708,0,-0.192412657024487,-0.192412657024487,0,-0.188542106844208,-0.188542106844208,0
588000.SH,published_endpoint,5,ALL,1802,1802,True,False,1.78333606614219,1.78333606614219,0,-0.138327750002322,-0.138327750002322,0,1.92166381614454,1.92166381614454,0
588000.SH,published_endpoint,5,2021,336,336,True,False,2.38875866589013,2.38875866589013,0,1.15717753864068,1.15717753864068,0,1.2315811272495,1.2315811272495,0
588000.SH,published_endpoint,5,2022,409,409,True,False,3.65978063622911,3.65978063622911,0,-0.791927958855088,-0.791927958855088,0,4.4517085950842,4.4517085950842,0
588000.SH,published_endpoint,5,2023,235,235,True,False,-2.22148881185984,-2.22148881185984,0,-1.10111694554879,-1.10111694554879,0,-1.12037186631099,-1.12037186631099,0
588000.SH,published_endpoint,5,2024,436,436,True,False,2.94259637611092,2.94259637611092,0,-0.301351806630812,-0.301351806630812,0,3.24394818274178,3.24394818274178,0
588000.SH,published_endpoint,5,2025,386,386,True,False,0.396829663300868,0.396829663300868,0,0.196819032588803,0.196819032588803,0,0.200010630712079,0.200010630712079,0
588000.SH,published_endpoint,5,LONG,869,869,True,False,1.91035263338289,1.91035263338289,0,-1.16785891938919,-1.16785891938919,0,3.07821155277209,3.07821155277209,0
588000.SH,published_endpoint,5,SHORT,933,933,True,False,1.66503231809057,1.66503231809057,0,0.820581774324783,0.820581774324783,0,0.844450543765829,0.844450543765829,0
588000.SH,published_endpoint,15,ALL,1802,1802,True,False,3.66802153106928,3.66802153106928,0,0.54998370272559,0.54998370272559,0,3.1180378283437,3.1180378283437,0
588000.SH,published_endpoint,15,2021,336,336,True,False,4.30799539913823,4.30799539913823,0,0.43294275045392,0.43294275045392,0,3.87505264868429,3.87505264868429,0
588000.SH,published_endpoint,15,2022,409,409,True,False,4.14387798939098,4.14387798939098,0,-3.76989176054714,-3.76989176054714,0,7.91376974993815,7.91376974993815,0
588000.SH,published_endpoint,15,2023,235,235,True,False,-4.22911899296643,-4.22911899296643,0,2.12024603863535,2.12024603863535,0,-6.34936503160174,-6.34936503160174,0
588000.SH,published_endpoint,15,2024,436,436,True,False,11.8773175598331,11.8773175598331,0,2.38139663618034,2.38139663618034,0,9.49592092365274,9.49592092365274,0
588000.SH,published_endpoint,15,2025,386,386,True,False,-1.8580964909964,-1.8580964909964,0,2.20450996313172,2.20450996313172,0,-4.06260645412812,-4.06260645412812,0
588000.SH,published_endpoint,15,LONG,869,869,True,False,4.349329312009,4.349329312009,0,-0.846184954298841,-0.846184954298841,0,5.19551426630785,5.19551426630785,0
588000.SH,published_endpoint,15,SHORT,933,933,True,False,3.03344868901503,3.03344868901503,0,1.85038087630997,1.85038087630997,0,1.18306781270507,1.18306781270507,0
588000.SH,published_endpoint,30,ALL,1801,1801,True,False,5.43418191629374,5.43418191629374,0,1.47104631365346,1.47104631365346,0,3.96313560264027,3.96313560264027,0
588000.SH,published_endpoint,30,2021,336,336,True,False,6.82315911135095,6.82315911135095,0,0.104010832689685,0.104010832689685,0,6.71914827866126,6.71914827866126,0
588000.SH,published_endpoint,30,2022,409,409,True,False,7.15660455360669,7.15660455360669,0,-7.58421745963293,-7.58421745963293,0,14.7408220132396,14.7408220132396,0
588000.SH,published_endpoint,30,2023,235,235,True,False,-4.0914348234488,-4.0914348234488,0,1.00153602603185,1.00153602603185,0,-5.09297084948059,-5.09297084948059,0
588000.SH,published_endpoint,30,2024,435,435,True,False,12.3502132809762,12.3502132809762,0,4.74579508302463,4.74579508302463,0,7.60441819795155,7.60441819795155,0
588000.SH,published_endpoint,30,2025,386,386,True,False,0.405371278994265,0.405371278994265,0,8.85121731829744,8.85121731829744,0,-8.44584603930323,-8.44584603930323,0
588000.SH,published_endpoint,30,LONG,868,868,True,False,6.69236438241987,6.69236438241987,0,1.34153616010846,1.34153616010846,0,5.35082822231139,5.35082822231139,0
588000.SH,published_endpoint,30,SHORT,933,933,True,False,4.26365417717532,4.26365417717532,0,1.59153378769103,1.59153378769103,0,2.67212038948428,2.67212038948428,0
588000.SH,published_endpoint,60,ALL,1801,1801,True,False,3.93550525566301,3.93550525566301,0,2.37585663412888,2.37585663412888,0,1.55964862153416,1.55964862153416,0
588000.SH,published_endpoint,60,2021,336,336,True,False,4.37431065671477,4.37431065671477,0,2.14115921649064,2.14115921649064,0,2.23315144022413,2.23315144022413,0
588000.SH,published_endpoint,60,2022,409,409,True,False,6.51213662152611,6.51213662152611,0,-18.0209813149045,-18.0209813149045,0,24.5331179364307,24.5331179364307,0
588000.SH,published_endpoint,60,2023,235,235,True,False,-9.25743749572018,-9.25743749572018,0,-3.41379037548443,-3.41379037548443,0,-5.84364712023577,-5.84364712023577,0
588000.SH,published_endpoint,60,2024,435,435,True,False,13.3467154461375,13.3467154461375,0,12.3296788144916,12.3296788144916,0,1.01703663164593,1.01703663164593,0
588000.SH,published_endpoint,60,2025,386,386,True,False,-1.75054585747877,-1.75054585747877,0,16.4997412255342,16.4997412255342,0,-18.250287083013,-18.250287083013,0
588000.SH,published_endpoint,60,LONG,868,868,True,False,10.9859734155544,10.9859734155544,0,0.514918103705759,0.514918103705759,0,10.4710553118487,10.4710553118487,0
588000.SH,published_endpoint,60,SHORT,933,933,True,False,-2.6237727323174,-2.6237727323174,0,4.1071477856908,4.1071477856908,0,-6.73092051800819,-6.73092051800819,0
588000.SH,published_endpoint,120,ALL,1802,1802,True,False,3.18081701962805,3.18081701962805,0,1.05333204394714,1.05333204394714,0,2.12748497568094,2.12748497568094,0
588000.SH,published_endpoint,120,2021,336,336,True,False,-2.71951720253139,-2.71951720253139,0,2.6417952102852,2.6417952102852,0,-5.3613124128166,-5.3613124128166,0
588000.SH,published_endpoint,120,2022,409,409,True,False,1.15607710552973,1.15607710552973,0,-20.2158448451008,-20.2158448451008,0,21.3719219506305,21.3719219506305,0
588000.SH,published_endpoint,120,2023,235,235,True,False,-10.3571309752734,-10.3571309752734,0,-3.59044956562496,-3.59044956562496,0,-6.76668140964831,-6.76668140964831,0
588000.SH,published_endpoint,120,2024,436,436,True,False,20.4381009171971,20.4381009171971,0,13.5917331298501,13.5917331298501,0,6.84636778734706,6.84636778734706,0
588000.SH,published_endpoint,120,2025,386,386,True,False,-0.788424112564885,-0.788424112564885,0,10.8717660556746,10.8717660556746,0,-11.6601901682394,-11.6601901682394,0
588000.SH,published_endpoint,120,LONG,869,869,True,False,17.7105763567162,17.7105763567162,0,-7.88085412089457,-7.88085412089457,0,25.5914304776108,25.5914304776108,0
588000.SH,published_endpoint,120,SHORT,933,933,True,False,-10.3522600049482,-10.3522600049482,0,9.3746694257772,9.3746694257772,0,-19.7269294307253,-19.7269294307253,0
588000.SH,published_endpoint,240,ALL,1801,1801,True,False,8.11243279941502,8.11243279941502,0,1.64997785816399,1.64997785816399,0,6.46245494125103,6.46245494125103,0
588000.SH,published_endpoint,240,2021,336,336,True,False,-23.1559270730851,-23.1559270730851,0,2.29594353615966,2.29594353615966,0,-25.4518706092447,-25.4518706092447,0
588000.SH,published_endpoint,240,2022,409,409,True,False,3.75221144364871,3.75221144364871,0,-20.9434402763931,-20.9434402763931,0,24.6956517200419,24.6956517200419,0
588000.SH,published_endpoint,240,2023,235,235,True,False,-9.97788760370044,-9.97788760370044,0,5.76982969066644,5.76982969066644,0,-15.747717294367,-15.747717294367,0
588000.SH,published_endpoint,240,2024,435,435,True,False,53.6810707554773,53.6810707554773,0,11.9284994969362,11.9284994969362,0,41.7525712585411,41.7525712585411,0
588000.SH,published_endpoint,240,2025,386,386,True,False,-0.389206486819418,-0.389206486819418,0,10.9358365517478,10.9358365517478,0,-11.3250430385672,-11.3250430385672,0
588000.SH,published_endpoint,240,LONG,869,869,True,False,26.3740476340578,26.3740476340578,0,-22.3451751570832,-22.3451751570832,0,48.719222791141,48.719222791141,0
588000.SH,published_endpoint,240,SHORT,932,932,True,False,-8.91475957322934,-8.91475957322934,0,24.023140916372,24.023140916372,0,-32.9379004896013,-32.9379004896013,0
