carrier,horizon,spec,n,mean_increment_bp,iid_se_bp,graph_meat_bp2,graph_variance_bp2,occupied_blocks,edge_density,maximum_degree,mean_degree,largest_block_pair_fraction,incidence_effective_blocks,maximum_blocks_per_pair,graph_se_bp,used_se_bp,df_heuristic,point_lo_bp,point_hi_bp,family14_lo_bp,family14_hi_bp,family56_lo_bp,family56_hi_bp,p_two_sided_approx,p_bonferroni14_approx,p_bonferroni56_approx,inference_status,iid_floor_applied
512100.SH,1,L20_shift0,1271,-0.8613703471410961,0.47895160314155316,482596.99028781353,0.3039582407424726,61,0.051090033887384846,151,64.88434303697876,0.06766325727773406,50.739564914842404,2,0.5513240795960871,0.5513240795960871,60,-1.9641827027811658,0.24144200849897368,-2.5336828982777777,0.8109422039955856,-2.789219139595796,1.0664784453136038,0.12346114242203256,1.0,1.0,APPROXIMATE_CONDITIONAL_GRAPH_SANDWICH,False
512100.SH,1,L20_shift10,1271,-0.8613703471410961,0.47895160314155316,521060.5655949728,0.32809588957800995,62,0.051083838753043356,141,64.87647521636507,0.06294256490952006,51.14887656509062,2,0.5727965516464026,0.5727965516464026,61,-2.0067478412170145,0.28400714693482243,-2.597651040296662,0.8749103460144698,-2.8625898327337858,1.1398491384515939,0.1377935068728,1.0,1.0,APPROXIMATE_CONDITIONAL_GRAPH_SANDWICH,False
512100.SH,1,L5_shift0,1271,-0.8613703471410961,0.47895160314155316,538413.0441602537,0.33493243676327283,243,0.014760527082029774,55,18.745869394177813,0.022816679779701022,179.6699150141643,2,0.5787334764494558,0.5787334764494558,242,-2.001368307682049,0.27862761339985664,-2.564323460389639,0.8415827661074469,-2.808265691726787,1.0855249974445949,0.13795490380056707,1.0,1.0,APPROXIMATE_CONDITIONAL_GRAPH_SANDWICH,False
512100.SH,1,L5_shift2,1271,-0.8613703471410961,0.47895160314155316,518898.2495011111,0.3227983138522121,242,0.015206576754616924,66,19.312352478363493,0.02753737214791503,175.06706868657156,2,0.5681534245714023,0.5681534245714023,241,-1.980550900240822,0.2578102059586298,-2.533259687982718,0.8105189937005259,-2.772773368236698,1.0500326739545056,0.13080773383046324,1.0,1.0,APPROXIMATE_CONDITIONAL_GRAPH_SANDWICH,False
512100.SH,5,L20_shift0,1268,0.984380088481504,0.9408401776793012,2304882.5828848835,1.4585842588740332,61,0.05099230901381589,151,64.60725552050474,0.06782334384858044,50.79663469821398,3,1.207718617424619,1.207718617424619,60,-1.431416831559035,3.4001770085220433,-2.678951655780959,4.647711832743967,-3.2387238251601373,5.207484002123145,0.41825360248211113,1.0,1.0,APPROXIMATE_CONDITIONAL_GRAPH_SANDWICH,False
512100.SH,5,L20_shift10,1268,0.984380088481504,0.9408401776793012,1970701.730134728,1.2467715509914634,62,0.05096367633621237,141,64.57097791798107,0.06309148264984227,51.25958505077487,2,1.1165892490040656,1.1165892490040656,61,-1.2483781085788124,3.2171382855418207,-2.4002638128449707,4.369023989807979,-2.916726082788998,4.885486259752006,0.38145623342039625,1.0,1.0,APPROXIMATE_CONDITIONAL_GRAPH_SANDWICH,False
512100.SH,5,L5_shift0,1268,0.984380088481504,0.9408401776793012,2963119.994476059,1.8520140548937565,243,0.014760767754127463,55,18.701892744479494,0.022870662460567823,180.0122950819672,3,1.3608872307776851,1.3608872307776851,242,-1.696316174556045,3.6650763515190534,-3.0201008008064867,4.9888609777694946,-3.5937290445203858,5.562489221483394,0.4701714236004883,1.0,1.0,APPROXIMATE_CONDITIONAL_GRAPH_SANDWICH,False
512100.SH,5,L5_shift2,1268,0.984380088481504,0.9408401776793012,2622931.5811925298,1.639416935808306,242,0.015243788576308575,66,19.313880126182966,0.027602523659305992,175.60854184323986,3,1.2803971789285955,1.2803971789285955,241,-1.5378182490215089,3.506578425984517,-2.783409214397851,4.752169391360859,-3.3231800355336127,5.291940212496621,0.44275982372616757,1.0,1.0,APPROXIMATE_CONDITIONAL_GRAPH_SANDWICH,False
512100.SH,15,L20_shift0,1268,4.368361145540591,1.5597315726354521,7435235.318386951,4.705192913926893,61,0.05124502351614261,150,64.92744479495268,0.06703470031545741,50.73134191911689,3,2.169145664524836,2.169145664524836,60,0.029423797159886078,8.707298493921297,-2.2112345120374064,10.94795680311859,-3.216623811177109,11.95334610225829,0.048514737021103094,0.6792063182954433,1.0,APPROXIMATE_CONDITIONAL_GRAPH_SANDWICH,False
512100.SH,15,L20_shift10,1268,4.368361145540591,1.5597315726354521,6260046.797794098,3.960441164696856,62,0.051269921496667405,177,64.9589905362776,0.062302839116719244,51.09542120140534,3,1.990085717926958,1.990085717926958,61,0.38893880781226065,8.347783483268922,-1.664055425106393,10.400777716187577,-2.58454090191041,11.321263192991593,0.03197476268483215,0.44764667758765014,1.0,APPROXIMATE_CONDITIONAL_GRAPH_SANDWICH,False
512100.SH,15,L5_shift0,1268,4.368361145540591,1.5597315726354521,9336848.949171413,5.835732442331631,243,0.01487654336356778,65,18.84858044164038,0.02365930599369085,180.0342153799827,4,2.4157260693902427,2.4157260693902427,242,-0.3901726258698215,9.126894916951004,-2.7400374490291624,11.476759740110346,-3.758291328659091,12.495013619740273,0.07180088782283797,1.0,1.0,APPROXIMATE_CONDITIONAL_GRAPH_SANDWICH,False
512100.SH,15,L5_shift2,1268,4.368361145540591,1.5597315726354521,8007879.639925536,5.005183358858187,242,0.015375747873090014,66,19.481072555205046,0.027602523659305992,175.55221044939714,3,2.2372267115467284,2.2372267115467284,241,-0.03865379118567258,8.775376082266856,-2.21506391240528,10.951786203486463,-3.1582007132602454,11.894923004341429,0.0520272815447158,0.7283819416260212,1.0,APPROXIMATE_CONDITIONAL_GRAPH_SANDWICH,False
512100.SH,30,L20_shift0,1259,7.073796684740678,2.1982850496093547,21051549.47775448,13.513140135518421,61,0.05163459025067211,186,64.95631453534551,0.06751389992057188,50.4851298552057,3,3.676022325220349,3.676022325220349,60,-0.27934276607338315,14.42693613555474,-4.07655661966861,18.224149989149964,-5.780376501209288,19.927969870690646,0.05906241318180701,0.8268737845452981,1.0,APPROXIMATE_CONDITIONAL_GRAPH_SANDWICH,False
512100.SH,30,L20_shift10,1259,7.073796684740678,2.1982850496093547,19653844.832798947,12.612553058604956,62,0.051724246790359016,178,65.06910246227164,0.06274821286735505,50.881959065336694,3,3.551415641487906,3.551415641487906,61,-0.027697792098469343,14.175291161579825,-3.6913770823889074,17.838970451870264,-5.334033220582558,19.481626590063915,0.050872282384923195,0.7122119533889247,1.0,APPROXIMATE_CONDITIONAL_GRAPH_SANDWICH,False
512100.SH,30,L5_shift0,1259,7.073796684740678,2.1982850496093547,21963688.514151804,13.924827131835974,243,0.015146904134429248,65,19.054805401111995,0.023828435266084195,179.43568215892054,4,3.7315984687310575,3.7315984687310575,242,-0.27676245348238115,14.424355822963737,-3.9066243351483383,18.054217704629693,-5.479532234828202,19.62712560430956,0.059198122998363634,0.8287737219770909,1.0,APPROXIMATE_CONDITIONAL_GRAPH_SANDWICH,False
512100.SH,30,L5_shift2,1259,7.073796684740678,2.1982850496093547,19216955.483094923,12.183417322180057,243,0.015617916659826673,66,19.647339158061953,0.02779984114376489,175.59040052480046,4,3.4904752287016816,3.4904752287016816,242,0.19820575391925477,13.949387615562102,-3.197106761007346,17.344700130488704,-4.668378685590568,18.815972055071924,0.04380011863656024,0.6132016609118434,1.0,APPROXIMATE_CONDITIONAL_GRAPH_SANDWICH,False
512100.SH,60,L20_shift0,1261,6.976346922546371,3.307574101168207,40278241.93065669,25.772910113436236,61,0.05256095565373916,212,66.22680412371135,0.06819984139571768,50.63108999202417,4,5.076702681213096,5.076702681213096,60,-3.1785703936981413,17.131264238790884,-8.422642394955878,22.375336240048618,-10.77567134735846,24.7283651924512,0.17449481547696327,1.0,1.0,APPROXIMATE_CONDITIONAL_GRAPH_SANDWICH,False
512100.SH,60,L20_shift10,1261,6.976346922546371,3.307574101168207,34255982.865348876,21.913545784364107,62,0.05234318945659152,178,65.95241871530531,0.0626486915146709,50.943364634008375,3,4.681190637472918,4.681190637472918,61,-2.3842722820019695,16.336966127094712,-7.21343983762654,21.166133682719284,-9.378657123057513,23.331350968150254,0.14130010134554136,1.0,1.0,APPROXIMATE_CONDITIONAL_GRAPH_SANDWICH,False
512100.SH,60,L5_shift0,1261,6.976346922546371,3.307574101168207,38084442.13679218,24.068713331967682,243,0.015924625202975717,74,20.065027755749405,0.025376685170499604,180.77441638031812,4,4.905987498146289,4.905987498146289,242,-2.687541499181439,16.64023534427418,-7.459774407055539,21.41246825214828,-9.527699602176819,23.480393447269563,0.15631185877998544,1.0,1.0,APPROXIMATE_CONDITIONAL_GRAPH_SANDWICH,False
512100.SH,60,L5_shift2,1261,6.976346922546371,3.307574101168207,36290400.598603435,22.934909892410605,243,0.01605931296652946,65,20.23473433782712,0.02696272799365583,176.59487595722908,4,4.789040602501779,4.789040602501779,242,-2.4571777342507257,16.409871579343466,-7.115652132940012,21.068345978032752,-9.134282984754085,23.086976829846826,0.14648672868277146,1.0,1.0,APPROXIMATE_CONDITIONAL_GRAPH_SANDWICH,False
512100.SH,120,L20_shift0,1265,7.026176853075836,4.330558641138559,67128524.38024794,42.682326712312204,61,0.0533121528993846,213,67.38656126482213,0.06877470355731226,50.73663799259528,4,6.533171259986394,6.533171259986394,60,-6.042111389121108,20.09446509527278,-12.790668993390685,26.843022699542356,-15.818764608018853,29.871118314170523,0.2864736794708269,1.0,1.0,APPROXIMATE_CONDITIONAL_GRAPH_SANDWICH,False
512100.SH,120,L20_shift10,1265,7.026176853075836,4.330558641138559,68369296.757101,43.45956427969432,62,0.05318957322259469,179,67.23162055335969,0.06324110671936758,50.766569937438625,3,6.592386842388295,6.592386842388295,61,-6.156115358374113,20.208469064525787,-12.956893860865094,27.009247567016764,-16.006107415451808,30.05846112160348,0.2907137284395871,1.0,1.0,APPROXIMATE_CONDITIONAL_GRAPH_SANDWICH,False
512100.SH,120,L5_shift0,1265,7.026176853075836,4.330558641138559,56541234.76236014,35.50798374880174,242,0.01709611247310752,77,21.609486166007905,0.02766798418972332,178.58640466647114,4,5.958857587558352,5.958857587558352,241,-4.711915785751388,18.76426949190306,-10.508788269676838,24.56114197582851,-13.020834926760898,27.07318863291257,0.23951523768303612,1.0,1.0,APPROXIMATE_CONDITIONAL_GRAPH_SANDWICH,False
512100.SH,120,L5_shift2,1265,7.026176853075836,4.330558641138559,78661678.8885775,49.39965721244679,242,0.01713113523790464,69,21.653754940711462,0.028458498023715414,176.32581396111348,4,7.028488970785029,7.028488970785029,241,-6.818935811188214,20.871289517339886,-13.656362905164436,27.708716611316106,-16.619328870365027,30.671682576516698,0.318472389103692,1.0,1.0,APPROXIMATE_CONDITIONAL_GRAPH_SANDWICH,False
512100.SH,240,L20_shift0,1261,4.1313616818752426,6.614664123045269,88579908.10743219,56.67978293192775,61,0.055934443563309545,214,70.47739888977003,0.0689928628072958,51.17499895410618,4,7.528597673665909,7.528597673665909,60,-10.928075847580304,19.19079921133079,-18.704877198446795,26.967600562197276,-22.19434849694985,30.45707186070033,0.5852093854619261,1.0,1.0,APPROXIMATE_CONDITIONAL_GRAPH_SANDWICH,False
512100.SH,240,L20_shift10,1261,4.1313616818752426,6.614664123045269,98576008.55722545,63.059054100114444,62,0.05617360875092834,203,70.77874702616971,0.0689928628072958,50.4970684851761,4,7.940973120475503,7.940973120475503,61,-11.74759545763843,20.010318821388914,-19.9395903416983,28.202313705448788,-23.612573049550214,31.875296413300696,0.6047663286627665,1.0,1.0,APPROXIMATE_CONDITIONAL_GRAPH_SANDWICH,False
512100.SH,240,L5_shift0,1261,4.1313616818752426,6.614664123045269,65117724.50037753,41.153283490412896,243,0.020690306257316566,98,26.069785884218874,0.034892942109436956,179.40092347246636,4,6.415082500670813,6.614664123045269,242,-8.898303814922038,17.161027178672523,-15.332628772834829,23.595352136585312,-18.120779089662697,26.38350245341318,0.5328376527550817,1.0,1.0,APPROXIMATE_CONDITIONAL_GRAPH_SANDWICH,True
512100.SH,240,L5_shift2,1261,4.1313616818752426,6.614664123045269,51110041.14220272,32.30066818934284,243,0.020215752174515062,85,25.471847739888975,0.03013481363996828,181.07976913234052,4,5.683367680288056,6.614664123045269,242,-8.898303814922038,17.161027178672523,-15.332628772834829,23.595352136585312,-18.120779089662697,26.38350245341318,0.5328376527550817,1.0,1.0,APPROXIMATE_CONDITIONAL_GRAPH_SANDWICH,True
588000.SH,1,L20_shift0,1802,0.6304762827847618,0.47766892562921587,1054605.7308642168,0.3303697024421896,61,0.055689865230871244,176,100.29744728079912,0.058823529411764705,52.76617151807858,2,0.5747779592522574,0.5747779592522574,60,-0.5192508172493301,1.7802033828188537,-1.1129781226141136,2.3739306881836373,-1.3793851320945776,2.640337697664101,0.27706627549274726,1.0,1.0,APPROXIMATE_CONDITIONAL_GRAPH_SANDWICH,False
588000.SH,1,L20_shift10,1802,0.6304762827847618,0.47766892562921587,753706.7628453134,0.2360455226861104,62,0.05475562041312602,182,98.61487236403995,0.05660377358490566,53.53500373931907,2,0.4858451632836437,0.4858451632836437,61,-0.34103116437292935,1.6019837299424529,-0.8422343584502968,2.10318692401982,-1.0669550389463738,2.3279076045158975,0.1992798867757512,1.0,1.0,APPROXIMATE_CONDITIONAL_GRAPH_SANDWICH,False
588000.SH,1,L5_shift0,1802,0.6304762827847618,0.47766892562921587,751248.1896465514,0.23243731316142877,243,0.016406596162817425,80,29.548279689234185,0.026637069922308545,188.10801781737194,2,0.4821175304440078,0.4821175304440078,242,-0.3192061251158471,1.5801586906853706,-0.788179424602898,2.0491319901724214,-0.9913970211808595,2.252349586750383,0.19220814677912582,1.0,1.0,APPROXIMATE_CONDITIONAL_GRAPH_SANDWICH,False
588000.SH,1,L5_shift2,1802,0.6304762827847618,0.47766892562921587,770926.8911388802,0.23852593282723417,243,0.016484244478804165,91,29.688124306326305,0.032741398446170925,186.72200785562265,2,0.48839116784318914,0.48839116784318914,242,-0.33156403101083265,1.592516596580356,-0.806639926327929,2.0675924918974524,-1.0125019268811806,2.2734544924507043,0.19796159655567144,1.0,1.0,APPROXIMATE_CONDITIONAL_GRAPH_SANDWICH,False
588000.SH,5,L20_shift0,1802,1.921663816144551,0.9174122564824303,2982947.112048438,0.9344490751066417,61,0.055689865230871244,176,100.29744728079912,0.058823529411764705,52.76617151807858,2,0.9666690618338013,0.9666690618338013,60,-0.011962202850170245,3.8552898351392724,-1.0105005219059946,4.853828154195097,-1.4585473020147035,5.301874934303806,0.05138888103823897,0.7194443345353456,1.0,APPROXIMATE_CONDITIONAL_GRAPH_SANDWICH,False
588000.SH,5,L20_shift10,1802,1.921663816144551,0.9174122564824303,1965092.49384874,0.6154267252240063,62,0.054775956876836826,182,98.65149833518313,0.05660377358490566,53.54740949674464,3,0.7844913799551951,0.9174122564824303,61,0.08718463091885709,3.756143001370245,-0.8592279053859968,4.7025555376750985,-1.2835637270679616,5.126891359357064,0.040362328473401356,0.5650725986276189,1.0,APPROXIMATE_CONDITIONAL_GRAPH_SANDWICH,True
588000.SH,5,L5_shift0,1802,1.921663816144551,0.9174122564824303,3337743.8807990593,1.0327029473960412,243,0.016435560217193432,80,29.60044395116537,0.026637069922308545,188.22537168264554,3,1.0162199306233082,1.0162199306233082,242,-0.08010158280730528,3.923429215096407,-1.0686157599001953,4.911943392189297,-1.4969631209797682,5.34029075326887,0.0598198569908126,0.8374779978713764,1.0,APPROXIMATE_CONDITIONAL_GRAPH_SANDWICH,False
588000.SH,5,L5_shift2,1802,1.921663816144551,0.9174122564824303,2628193.5551841394,0.8131670157136718,243,0.016524917406225793,91,29.761376248612653,0.032741398446170925,186.71823595408648,3,0.9017577367085197,0.9174122564824303,242,0.11453126908411848,3.7287963632049834,-0.7778690809222237,4.621196713211326,-1.1645679708419212,5.007895603131023,0.03724167523546178,0.5213834532964648,1.0,APPROXIMATE_CONDITIONAL_GRAPH_SANDWICH,True
588000.SH,15,L20_shift0,1802,3.1180378283437116,1.4820703822472652,25944751.82273035,8.127549176684179,61,0.0558211278602774,176,100.5338512763596,0.058823529411764705,52.767347385197105,3,2.8508856828508886,2.8508856828508886,60,-2.584582593874558,8.820658250561982,-5.529456605021588,11.76553226170901,-6.850829348901716,13.086905005589138,0.2784544470560437,1.0,1.0,APPROXIMATE_CONDITIONAL_GRAPH_SANDWICH,False
588000.SH,15,L20_shift10,1802,3.1180378283437116,1.4820703822472652,18968681.83470347,5.9406026840415125,62,0.054913998327479924,197,98.90011098779134,0.05715871254162042,53.49737502973909,3,2.437335160383469,2.437335160383469,61,-1.755715042896496,7.99179069958392,-4.270096701375781,10.506172358063205,-5.397450964072478,11.6335266207599,0.20564281552309746,1.0,1.0,APPROXIMATE_CONDITIONAL_GRAPH_SANDWICH,False
588000.SH,15,L5_shift0,1802,3.1180378283437116,1.4820703822472652,18538847.106712855,5.7359470145575004,243,0.016537858792223584,88,29.784683684794672,0.02719200887902331,188.06373724996118,3,2.394983719058963,2.394983719058963,242,-1.5996373474666075,7.83571300415403,-3.929325330209011,10.165400986896435,-4.938836091583482,11.174911748270905,0.19418720760169722,1.0,1.0,APPROXIMATE_CONDITIONAL_GRAPH_SANDWICH,False
588000.SH,15,L5_shift2,1802,3.1180378283437116,1.4820703822472652,16440020.560332164,5.086566942890198,243,0.016585310540882147,91,29.870144284128745,0.032741398446170925,187.06666208035222,3,2.2553418682962896,2.2553418682962896,242,-1.324568716475611,7.560644373163035,-3.5184219797496366,9.75449763643706,-4.46907223616061,10.705147892848032,0.16808896980800087,1.0,1.0,APPROXIMATE_CONDITIONAL_GRAPH_SANDWICH,False
588000.SH,30,L20_shift0,1801,3.9631356026402735,2.03899988681556,43581624.117193334,13.66771069132783,61,0.055875748041211676,188,100.57634647418101,0.05885619100499723,52.81772457708749,3,3.6969867042400666,3.6969867042400666,60,-3.431938849866811,11.358210055147358,-7.2508082385493875,15.177079443829934,-8.964345015858866,16.890616221139414,0.288017152812008,1.0,1.0,APPROXIMATE_CONDITIONAL_GRAPH_SANDWICH,False
588000.SH,30,L20_shift10,1801,3.9631356026402735,2.03899988681556,31540239.662898988,9.888732424001125,62,0.055048429884631996,196,99.0871737923376,0.05719044975013881,53.543680096275146,3,3.1446354993863954,3.1446354993863954,61,-2.3249517081451008,10.251222913425648,-5.568992146562284,13.49526335184283,-7.023497990683799,14.949769195964345,0.21236659175774267,1.0,1.0,APPROXIMATE_CONDITIONAL_GRAPH_SANDWICH,False
588000.SH,30,L5_shift0,1801,3.9631356026402735,2.03899988681556,28466110.002579864,8.817243061357745,243,0.016663581960639152,87,29.99444752915047,0.026651860077734593,189.14856711915536,4,2.9693842899425706,2.9693842899425706,242,-1.8860025107526108,9.812273716033157,-4.774430870984393,12.700702076264939,-6.026057498547081,13.952328703827627,0.18324010187104087,1.0,1.0,APPROXIMATE_CONDITIONAL_GRAPH_SANDWICH,False
588000.SH,30,L5_shift2,1801,3.9631356026402735,2.03899988681556,24924003.443374775,7.720092292288479,243,0.01674871984699858,114,30.147695724597448,0.032759578012215435,187.21953421810315,4,2.7785054062010532,2.7785054062010532,242,-1.5100063967716912,9.436277602052238,-4.21275990749484,12.139031112775386,-5.3839290832081605,13.310200288488707,0.15505461708196877,1.0,1.0,APPROXIMATE_CONDITIONAL_GRAPH_SANDWICH,False
588000.SH,60,L20_shift0,1801,1.5596486215341627,3.0199826992186103,114318558.80013488,35.8516466510798,61,0.05615460546609908,216,101.07828983897835,0.05885619100499723,52.76743560149267,3,5.987624458086846,5.987624458086846,60,-10.417383541016273,13.536680784084597,-16.6024086934438,19.721705936512123,-19.377645809087834,22.49694305215616,0.7953864260126671,1.0,1.0,APPROXIMATE_CONDITIONAL_GRAPH_SANDWICH,False
588000.SH,60,L20_shift10,1801,1.5596486215341627,3.0199826992186103,91445654.63135542,28.67072728844245,62,0.05552100684804738,202,99.93781232648529,0.05719044975013881,53.545843399324404,3,5.354505326212912,5.354505326212912,61,-9.147346514742198,12.266643757810522,-14.671112881096668,17.790410124164993,-17.14776217506926,20.267059418137585,0.7718270258521799,1.0,1.0,APPROXIMATE_CONDITIONAL_GRAPH_SANDWICH,False
588000.SH,60,L5_shift0,1801,1.5596486215341627,3.0199826992186103,68839612.00270173,21.322744527523128,243,0.01709914245172435,89,30.778456413103832,0.027207107162687396,189.29684266737868,4,4.6176557393901865,4.6176557393901865,242,-7.5362795381439875,10.655576781212313,-12.028041631927959,15.147338874996283,-13.974431966083804,17.09372920915213,0.735838612754334,1.0,1.0,APPROXIMATE_CONDITIONAL_GRAPH_SANDWICH,False
588000.SH,60,L5_shift2,1801,1.5596486215341627,3.0199826992186103,65565580.35065618,20.308628694202454,243,0.017228700104880004,116,31.01166018878401,0.03331482509716824,188.4523435302682,4,4.506509591047427,4.506509591047427,242,-7.3173421730375585,10.436639416105884,-11.700988356027793,14.820285599096117,-13.600529422714953,16.719826665783277,0.7295773210490579,1.0,1.0,APPROXIMATE_CONDITIONAL_GRAPH_SANDWICH,False
588000.SH,120,L20_shift0,1802,2.1274849756809218,4.410144494049368,158556162.14943123,49.669891388469516,61,0.05684288109762674,218,102.37402885682575,0.058823529411764705,52.809757763247084,3,7.0476869530697455,7.0476869530697455,60,-11.969987886782809,16.224957838144654,-19.250023796900578,23.50499374826242,-22.516595130575844,26.771565081937688,0.7637950673334655,1.0,1.0,APPROXIMATE_CONDITIONAL_GRAPH_SANDWICH,False
588000.SH,120,L20_shift10,1802,2.1274849756809218,4.410144494049368,92171734.38792636,28.866299591567607,62,0.056526741525395004,255,101.8046614872364,0.05771365149833518,53.62660092475142,4,5.372736694792293,5.372736694792293,61,-8.615966035193502,12.870935986555345,-14.158540081144146,18.41351003250599,-16.643622031985938,20.89859198334778,0.6935029962292963,1.0,1.0,APPROXIMATE_CONDITIONAL_GRAPH_SANDWICH,False
588000.SH,120,L5_shift0,1802,2.1274849756809218,4.410144494049368,141273202.290613,43.71014002388528,243,0.018183263583371183,109,32.7480577136515,0.02885682574916759,189.11111630734695,4,6.61136446007065,6.61136446007065,242,-10.895680795051407,15.15065074641325,-17.326796050485683,21.581766001847527,-20.113555524755714,24.368525476117558,0.7478879663124314,1.0,1.0,APPROXIMATE_CONDITIONAL_GRAPH_SANDWICH,False
588000.SH,120,L5_shift2,1802,2.1274849756809218,4.410144494049368,171800791.17466435,53.15542167021314,243,0.01833239765058381,117,33.016648168701444,0.03496115427302997,189.08406137128392,4,7.290776479238212,7.290776479238212,242,-12.233996872721187,16.48896682408303,-19.32600097002506,23.580970921386903,-22.39913973752315,26.654109688884994,0.7706857143524363,1.0,1.0,APPROXIMATE_CONDITIONAL_GRAPH_SANDWICH,False
588000.SH,240,L20_shift0,1801,6.462454941251031,6.857078112304419,555348711.7666374,174.1638977202217,61,0.059479301622555374,242,107.06274292059966,0.059966685174902834,53.074560427331406,4,13.197117023055517,13.197117023055517,60,-19.93570949683424,32.8606193793363,-33.56791059737025,46.492820479872314,-39.68471522302037,52.60962510552243,0.6261411587521339,1.0,1.0,APPROXIMATE_CONDITIONAL_GRAPH_SANDWICH,False
588000.SH,240,L20_shift10,1801,6.462454941251031,6.857078112304419,481017196.4045592,150.81211802531618,62,0.059911777407613054,260,107.8411993337035,0.05941143808995003,53.65609395979568,4,12.280558538817205,12.280558538817205,61,-18.09403954987884,31.018949432380904,-30.762798302378464,43.68770818488053,-36.4429937232059,49.367903605707966,0.6006333785741539,1.0,1.0,APPROXIMATE_CONDITIONAL_GRAPH_SANDWICH,False
588000.SH,240,L5_shift0,1801,6.462454941251031,6.857078112304419,606006781.3024163,187.70773692261466,243,0.02178419396631501,117,39.211549139367015,0.03331482509716824,194.0064239828694,4,13.700647317649436,13.700647317649436,242,-20.52528749250691,33.45019737500897,-33.85240665315872,46.77731653566078,-39.62737321969465,52.55228310219671,0.6375732456824409,1.0,1.0,APPROXIMATE_CONDITIONAL_GRAPH_SANDWICH,False
588000.SH,240,L5_shift2,1801,6.462454941251031,6.857078112304419,690882138.1355491,213.9974776370775,243,0.02207477327410698,123,39.73459189339256,0.03498056635202665,193.16128711146504,4,14.628652625483918,14.628652625483918,242,-22.353286392437287,35.27819627493935,-36.58311015035986,49.50802003286192,-42.74924068908331,55.67415057158537,0.6590523660297766,1.0,1.0,APPROXIMATE_CONDITIONAL_GRAPH_SANDWICH,False
