symbol,horizon,view,lag_trading_days,products,event_lag_product_bp2,control_lag_product_bp2,event_control_lag_product_bp2,control_event_lag_product_bp2,difference_lag_product_bp2,mean_variance_estimator
000852.SH,1,SIGNED,0,1462,90.2985171763,415.611280045,0.260365236165,0.260365236165,505.389066749,False
000852.SH,1,SIGNED,1,1461,8.96029783512,-3.95248799385,2.31819529818,3.45552805258,-0.765913509497,False
000852.SH,1,SIGNED,5,1457,5.27184251784,-0.484807263832,-3.29761781209,14.5550142912,-6.4703612251,False
000852.SH,1,SIGNED,20,1442,3.19002137006,22.4796083813,23.8862421367,2.42298488862,-0.639597273908,False
000852.SH,1,SIGNED,60,1402,-3.01610441642,-0.378981534662,-18.09030085,-0.327955887595,15.0231707865,False
000852.SH,1,UNSIGNED,0,1462,125.906872608,429.643080037,0.312889333162,0.312889333162,554.924173979,False
000852.SH,1,UNSIGNED,1,1461,12.5270253613,2.55153642143,-5.84218496595,2.75481252374,18.165934225,False
000852.SH,1,UNSIGNED,5,1457,-6.11527656188,0.674393010506,7.67093897556,-3.13416685618,-9.97765567076,False
000852.SH,1,UNSIGNED,20,1442,20.441791179,-26.3083253217,53.7134252982,-3.03615041187,-56.5438090291,False
000852.SH,1,UNSIGNED,60,1402,0.0797843318256,3.07308642395,9.60118463972,2.23989942326,-8.68821330721,False
000852.SH,5,SIGNED,0,1462,1443.12577411,9986.12529149,8.85975099529,8.85975099529,11411.5315636,False
000852.SH,5,SIGNED,1,1461,-40.0968081183,-212.337929349,-176.184140498,-6.8722460587,-69.37835091,False
000852.SH,5,SIGNED,5,1457,138.836813488,-56.4008907891,7.1803253398,-27.5468256137,102.802422973,False
000852.SH,5,SIGNED,20,1442,92.2488508462,17.7088661851,-5.71118797302,97.7249635251,17.9439414793,False
000852.SH,5,SIGNED,60,1402,62.4747357443,4.40544363792,130.534047675,20.7574668587,-84.4113351516,False
000852.SH,5,UNSIGNED,0,1462,1388.19716503,10015.988833,-49.7904997059,-49.7904997059,11503.7669974,False
000852.SH,5,UNSIGNED,1,1461,132.597786719,26.0740139318,271.132795742,103.455802847,-215.916797938,False
000852.SH,5,UNSIGNED,5,1457,108.223450831,30.8849683701,3.0401721147,76.6211631051,59.4470839817,False
000852.SH,5,UNSIGNED,20,1442,94.7700178041,-553.539483357,537.580155066,-40.7199479065,-955.629672712,False
000852.SH,5,UNSIGNED,60,1402,-77.7438693727,96.7078412051,-157.775528211,-3.67341323366,180.412913277,False
000852.SH,15,SIGNED,0,1462,3764.07077463,14823.1166595,329.939879463,329.939879463,17927.3076752,False
000852.SH,15,SIGNED,1,1461,-735.892952674,-937.025145371,-626.14801278,93.8330940758,-1140.60317934,False
000852.SH,15,SIGNED,5,1457,42.0950672694,33.6013026579,68.1988301529,379.790016719,-372.292476945,False
000852.SH,15,SIGNED,20,1442,156.561626233,3019.1091239,216.857992448,2.72140847,2956.09134922,False
000852.SH,15,SIGNED,60,1402,-31.6981583461,39.0279019976,769.33019176,-95.6212726302,-666.379175478,False
000852.SH,15,UNSIGNED,0,1462,4717.23286974,15766.183689,319.719215577,319.719215577,19843.9781276,False
000852.SH,15,UNSIGNED,1,1461,45.7167121266,90.180514931,1238.57386414,39.6620898588,-1142.33872694,False
000852.SH,15,UNSIGNED,5,1457,-50.1315840802,-17.4502950343,46.5275300762,92.0427469538,-206.152156145,False
000852.SH,15,UNSIGNED,20,1442,-56.2754025257,2288.44297453,797.138009258,-28.0141985334,1463.04376128,False
000852.SH,15,UNSIGNED,60,1402,-17.3273069752,90.8158181387,-981.242130138,-83.0563579476,1137.78699925,False
000852.SH,30,SIGNED,0,1462,8148.81947879,26317.303287,639.477877823,639.477877823,33187.1670102,False
000852.SH,30,SIGNED,1,1461,-367.872802724,-292.870833761,-162.21533569,-568.164932687,69.6366318907,False
000852.SH,30,SIGNED,5,1457,29.7811802415,102.153224431,441.400883261,1612.27223791,-1921.7387165,False
000852.SH,30,SIGNED,20,1442,859.441772191,1736.28971822,263.745900151,381.127098422,1950.85849184,False
000852.SH,30,SIGNED,60,1402,-420.639434981,-90.0224003651,741.80790429,-378.130985403,-874.338754234,False
000852.SH,30,UNSIGNED,0,1462,11783.1442096,33168.2781434,678.456862201,678.456862201,43594.5086286,False
000852.SH,30,UNSIGNED,1,1461,-58.406135076,1380.49695922,2098.11595732,38.3340669513,-814.359200123,False
000852.SH,30,UNSIGNED,5,1457,494.095711891,-102.118096019,1475.58125837,-1077.15537817,-6.44826432565,False
000852.SH,30,UNSIGNED,20,1442,-455.389817153,354.706496679,1546.64262909,734.721411415,-2382.04736098,False
000852.SH,30,UNSIGNED,60,1402,-8.41328328675,129.612605476,-1966.87435909,-153.224407451,2241.29808873,False
000852.SH,60,SIGNED,0,1462,18967.6016523,49772.8035948,3626.22924943,3626.22924943,61487.9467483,False
000852.SH,60,SIGNED,1,1461,-190.045211732,-3767.4121317,394.653887392,-158.216722207,-4193.89450861,False
000852.SH,60,SIGNED,5,1457,747.344500175,-85.4778828181,-248.620529756,73.5879928139,836.899154298,False
000852.SH,60,SIGNED,20,1442,-418.444138886,920.173711122,89.0056615529,4729.52534364,-4316.80143296,False
000852.SH,60,SIGNED,60,1402,-1512.97251532,-325.211340592,-884.11563713,-2663.38065157,1709.31243279,False
000852.SH,60,UNSIGNED,0,1462,32479.4497507,70122.4009228,4483.01031956,4483.01031956,93635.8300344,False
000852.SH,60,UNSIGNED,1,1461,2292.85917552,2546.16304316,6557.31977872,1129.00051299,-2847.29807305,False
000852.SH,60,UNSIGNED,5,1457,1494.59065881,-250.053053032,7060.86772463,-3043.67180841,-2772.65831044,False
000852.SH,60,UNSIGNED,20,1442,300.914567494,-1419.9229611,1782.78839393,4076.70496915,-6978.50175668,False
000852.SH,60,UNSIGNED,60,1402,307.540120343,-33.8342497101,-5700.08942004,1144.68896164,4829.10632903,False
000852.SH,120,SIGNED,0,1462,45894.4599116,165382.049771,10031.2936446,10031.2936446,191213.922393,False
000852.SH,120,SIGNED,1,1461,-653.905118024,-5129.56296424,4988.97032785,2423.23132237,-13195.6697325,False
000852.SH,120,SIGNED,5,1457,-425.663757198,950.451382162,-641.228788825,-3617.44748302,4783.46389681,False
000852.SH,120,SIGNED,20,1442,-378.112171835,-3797.95758349,-809.098332338,10232.0203457,-13598.9917687,False
000852.SH,120,SIGNED,60,1402,-1021.61929524,-1207.89694851,-3250.85593515,-6032.72671673,7054.06640812,False
000852.SH,120,UNSIGNED,0,1462,87256.810857,257326.034843,15687.4577705,15687.4577705,313207.930159,False
000852.SH,120,UNSIGNED,1,1461,9344.03385493,12859.0230054,12402.985492,1562.8678132,8237.20355511,False
000852.SH,120,UNSIGNED,5,1457,-668.043331784,873.864410133,17838.8222129,-17344.0133357,-288.987798834,False
000852.SH,120,UNSIGNED,20,1442,401.051947008,123.865628893,-8318.09287629,17522.3577933,-8679.34734114,False
000852.SH,120,UNSIGNED,60,1402,3774.93726376,-2188.35014143,-3555.55550431,4513.59079361,628.55183303,False
000852.SH,240,SIGNED,0,1462,98103.1636018,406543.091192,27917.4197799,27917.4197799,448811.415234,False
000852.SH,240,SIGNED,1,1461,7686.94219783,-26894.6868401,16122.8304919,-2806.78289862,-32523.7922354,False
000852.SH,240,SIGNED,5,1457,2946.40330261,2687.85023285,8372.68516035,-3549.07789608,810.646271186,False
000852.SH,240,SIGNED,20,1442,-1025.58388887,-10815.8577444,-5620.44848529,9549.49393909,-15770.4870871,False
000852.SH,240,SIGNED,60,1402,-1705.62283933,4805.36189585,-15724.5347195,-4407.47858736,23231.7523634,False
000852.SH,240,UNSIGNED,0,1462,322598.819135,786887.130374,52510.6974946,52510.6974946,1004464.55452,False
000852.SH,240,UNSIGNED,1,1461,58805.3110813,69524.5289923,46247.9356086,3847.81787544,78234.0865896,False
000852.SH,240,UNSIGNED,5,1457,14842.2707389,-3140.43493856,95115.070996,-67564.2627724,-15848.9724233,False
000852.SH,240,UNSIGNED,20,1442,5499.688487,24323.6355477,-5429.22549998,66023.9918614,-30771.4423267,False
000852.SH,240,UNSIGNED,60,1402,-11438.6371278,-13406.1716659,-18114.0388907,7540.5691219,-14271.3390249,False
000688.SH,1,SIGNED,0,110,113.074557923,413.070994,5.39667544041,5.39667544041,515.352201042,False
000688.SH,1,SIGNED,1,109,28.8949701799,2.1512077449,-9.70863260229,-6.03438606072,46.7891965878,False
000688.SH,1,SIGNED,5,105,24.9514903404,39.3828254298,7.62056671015,-13.5037203257,70.2174693857,False
000688.SH,1,SIGNED,20,90,6.82444892209,0.746911496383,1.31074169948,-9.36401490381,15.6246336228,False
000688.SH,1,SIGNED,60,50,2.41595320765,1.3225553474,-8.53749372626,34.2137266081,-21.9377243268,False
000688.SH,1,UNSIGNED,0,110,72.2965088989,332.019511411,3.22687214732,3.22687214732,397.862276015,False
000688.SH,1,UNSIGNED,1,109,11.3833181615,-13.6818951593,6.73225426703,4.82476393808,-13.8555952028,False
000688.SH,1,UNSIGNED,5,105,7.5142344015,9.24755741306,0.397660392295,11.6703146336,4.69381678871,False
000688.SH,1,UNSIGNED,20,90,3.94755519014,-2.01347405811,-11.4154084304,13.3099597437,0.0395298187082,False
000688.SH,1,UNSIGNED,60,50,-5.58367098688,-2.68181758449,-4.62405765625,-1.53907710685,-2.10235380828,False
000688.SH,5,SIGNED,0,110,916.593215459,898.349812858,36.9967497883,36.9967497883,1740.94952874,False
000688.SH,5,SIGNED,1,109,-119.064855396,-105.531508151,-4.31432015743,19.8953335344,-240.177376924,False
000688.SH,5,SIGNED,5,105,278.111851079,85.3485691068,41.2658809928,92.4680159596,229.726523234,False
000688.SH,5,SIGNED,20,90,76.5334630953,-116.437659888,-24.4066393069,-130.14936533,114.651807844,False
000688.SH,5,SIGNED,60,50,47.3493111932,-17.8726446124,-4.72488486593,198.808788944,-164.607237497,False
000688.SH,5,UNSIGNED,0,110,550.348972092,993.065527658,117.207346487,117.207346487,1308.99980678,False
000688.SH,5,UNSIGNED,1,109,-58.6729669903,-1.52923964513,60.4924859077,-48.7328126677,-71.9618798755,False
000688.SH,5,UNSIGNED,5,105,-157.56932386,-5.11075332054,27.7588463532,5.25601621648,-195.69493975,False
000688.SH,5,UNSIGNED,20,90,4.97744398422,63.083955062,67.8802657867,90.6554379505,-90.474304691,False
000688.SH,5,UNSIGNED,60,50,99.3548663909,-28.9640986854,-10.8845210167,30.7314199472,50.5438687751,False
000688.SH,15,SIGNED,0,110,1452.76009013,2945.84507995,75.5096960973,75.5096960973,4247.58577789,False
000688.SH,15,SIGNED,1,109,21.0899800442,-534.344423516,-129.213827533,-75.4109309414,-308.629684998,False
000688.SH,15,SIGNED,5,105,-97.7318333135,160.623167607,230.597066522,77.1351016844,-244.840833913,False
000688.SH,15,SIGNED,20,90,173.819453273,-526.910505808,56.6673266343,-228.479116549,-181.279262621,False
000688.SH,15,SIGNED,60,50,163.225896822,-18.099052461,-20.8019057706,237.493390808,-71.5646406759,False
000688.SH,15,UNSIGNED,0,110,1283.22997179,3016.59875635,164.101488176,164.101488176,3971.62575179,False
000688.SH,15,UNSIGNED,1,109,42.9313468274,65.7387297397,-34.4764184504,9.81984076407,133.326654253,False
000688.SH,15,UNSIGNED,5,105,-128.878316158,29.7825260308,-46.6407299899,-26.5903718593,-25.864688278,False
000688.SH,15,UNSIGNED,20,90,-89.6277696174,72.6802964276,101.857503276,7.3889587317,-126.193935198,False
000688.SH,15,UNSIGNED,60,50,177.698986427,-31.498705991,-11.4064970642,164.943879586,-7.3371020857,False
000688.SH,30,SIGNED,0,110,2259.18794098,6255.91455741,394.854790074,394.854790074,7725.39291824,False
000688.SH,30,SIGNED,1,109,201.586096801,-797.747637349,-56.4696494806,-53.2632322173,-486.428658851,False
000688.SH,30,SIGNED,5,105,-471.471643278,215.895039112,106.097985987,348.502160758,-710.176750911,False
000688.SH,30,SIGNED,20,90,212.024739742,-154.71687214,185.905999508,63.6941853785,-192.292317284,False
000688.SH,30,SIGNED,60,50,386.655189663,-3.7207087667,-29.5337948017,-388.776360997,801.244636694,False
000688.SH,30,UNSIGNED,0,110,2777.90062453,6351.11161603,430.006937052,430.006937052,8268.99836646,False
000688.SH,30,UNSIGNED,1,109,-337.596681134,270.061603472,-277.485716539,242.88578952,-32.9351506426,False
000688.SH,30,UNSIGNED,5,105,-374.29462305,-27.4990239312,-241.585464532,-315.932226283,155.724043834,False
000688.SH,30,UNSIGNED,20,90,-11.700711426,-77.1397173969,132.029861609,-66.845182478,-154.025107953,False
000688.SH,30,UNSIGNED,60,50,315.308421194,-61.6709182957,-221.045037059,-775.966394372,1250.64893433,False
000688.SH,60,SIGNED,0,110,6523.09197077,15530.0808561,336.921252247,336.921252247,21379.3303224,False
000688.SH,60,SIGNED,1,109,927.381228405,-2000.11944813,423.90938103,998.014844251,-2494.66244501,False
000688.SH,60,SIGNED,5,105,-934.045797553,1749.33307033,1253.24550082,-554.185115671,116.226887634,False
000688.SH,60,SIGNED,20,90,173.6431618,992.241605009,662.129978647,556.554850081,-52.8000619198,False
000688.SH,60,SIGNED,60,50,1078.25495295,-89.577326899,171.848274894,-1764.01432198,2580.84367314,False
000688.SH,60,UNSIGNED,0,110,8928.93711133,15486.530709,427.377396952,427.377396952,23560.7130264,False
000688.SH,60,UNSIGNED,1,109,-263.286379747,-5.1041779915,81.1774111615,1467.84783053,-1817.41579943,False
000688.SH,60,UNSIGNED,5,105,-1825.30160394,449.391276904,-760.933729805,-849.479969925,234.503372697,False
000688.SH,60,UNSIGNED,20,90,18.1922985946,1118.3589551,-289.773654366,792.106479248,634.218428818,False
000688.SH,60,UNSIGNED,60,50,934.588216552,102.811073097,129.858087449,-3787.98871268,4695.52991488,False
000688.SH,120,SIGNED,0,110,17603.9535043,23584.1550131,771.011718362,771.011718362,39646.0850807,False
000688.SH,120,SIGNED,1,109,1781.54024376,39.0560268741,1041.36082387,2553.47954351,-1774.24409675,False
000688.SH,120,SIGNED,5,105,855.26062613,3294.70480535,-81.3956318492,-2839.37978088,7070.74084421,False
000688.SH,120,SIGNED,20,90,-1028.8082027,2001.25302171,1225.01451771,1831.95564365,-2084.52534235,False
000688.SH,120,SIGNED,60,50,1462.4030936,264.154487062,441.22763606,-3297.01833097,4582.34827558,False
000688.SH,120,UNSIGNED,0,110,31994.7053422,26668.1672283,1783.53486477,1783.53486477,55095.802841,False
000688.SH,120,UNSIGNED,1,109,-1935.64443918,1776.43411237,-1447.15816179,3295.98317696,-2008.03534198,False
000688.SH,120,UNSIGNED,5,105,-4439.00987042,-27.4267535737,-1781.60553103,-825.861990713,-1858.96910225,False
000688.SH,120,UNSIGNED,20,90,-2098.36542523,1072.74753491,-1620.46853152,365.2325457,229.618095501,False
000688.SH,120,UNSIGNED,60,50,2151.70461021,14.267745993,87.3465603214,-7289.08440051,9367.71019639,False
000688.SH,240,SIGNED,0,110,47964.5218999,73641.7419249,7955.06156146,7955.06156146,105696.140702,False
000688.SH,240,SIGNED,1,109,4144.74334177,7828.21681841,7348.92654497,4267.5086495,356.524965707,False
000688.SH,240,SIGNED,5,105,8888.57178365,809.415640769,-7430.34172246,-2696.46128895,19824.7904358,False
000688.SH,240,SIGNED,20,90,-3909.65712289,11512.6189263,5456.80638666,2462.00831922,-315.852902432,False
000688.SH,240,SIGNED,60,50,2087.79213242,504.961877711,-1315.45788493,-7070.55880822,10978.7707033,False
000688.SH,240,UNSIGNED,0,110,100088.772909,99024.8463333,17211.3246356,17211.3246356,164690.969971,False
000688.SH,240,UNSIGNED,1,109,-5379.72628621,18820.6883419,6781.55668764,6049.78522173,609.620146278,False
000688.SH,240,UNSIGNED,5,105,-21384.7330726,-10711.6605944,-4518.83814222,-13876.1689989,-13701.3865258,False
000688.SH,240,UNSIGNED,20,90,-8397.09409445,10236.3147922,-15094.7313215,3053.68586827,13880.2661511,False
000688.SH,240,UNSIGNED,60,50,10353.1698021,-3198.86862713,1475.18581997,-14572.6673965,20251.7827515,False
