symbol,horizon,K,control_correlation_ASSUMED,event_control_covariance_ASSUMED,variance_ratio_to_independent_one_control,information_multiple_ASSUMPTION,actual_matching_changed
000852.SH,1,1,0,0,1,1,False
000852.SH,1,2,0,0,0.807855535825,1.23784507954,False
000852.SH,1,5,0,0,0.692568857321,1.44389975008,False
000852.SH,1,10,0,0,0.654139964486,1.52872482082,False
000852.SH,1,infinity,0,0,0.615711071651,1.62413840849,False
000852.SH,1,1,0.5,0,1,1,False
000852.SH,1,2,0.5,0,0.903927767913,1.10628308533,False
000852.SH,1,5,0.5,0,0.84628442866,1.18163582613,False
000852.SH,1,10,0.5,0,0.827069982243,1.20908752762,False
000852.SH,1,infinity,0.5,0,0.807855535825,1.23784507954,False
000852.SH,5,1,0,0,1,1,False
000852.SH,5,2,0,0,0.797759442212,1.25351070396,False
000852.SH,5,5,0,0,0.676415107539,1.47838211899,False
000852.SH,5,10,0,0,0.635966995982,1.5724086412,False
000852.SH,5,infinity,0,0,0.595518884424,1.67920787427,False
000852.SH,5,1,0.5,0,1,1,False
000852.SH,5,2,0.5,0,0.898879721106,1.11249589519,False
000852.SH,5,5,0.5,0,0.83820755377,1.19302193771,False
000852.SH,5,10,0.5,0,0.817983497991,1.22251855014,False
000852.SH,5,infinity,0.5,0,0.797759442212,1.25351070396,False
000852.SH,15,1,0,0,1,1,False
000852.SH,15,2,0,0,0.833710751208,1.19945676429,False
000852.SH,15,5,0,0,0.733937201932,1.36251439138,False
000852.SH,15,10,0,0,0.700679352174,1.4271863398,False
000852.SH,15,infinity,0,0,0.667421502415,1.49830354039,False
000852.SH,15,1,0.5,0,1,1,False
000852.SH,15,2,0.5,0,0.916855375604,1.0906845579,False
000852.SH,15,5,0.5,0,0.866968600966,1.15344431031,False
000852.SH,15,10,0.5,0,0.850339676087,1.17600063612,False
000852.SH,15,infinity,0.5,0,0.833710751208,1.19945676429,False
000852.SH,30,1,0,0,1,1,False
000852.SH,30,2,0,0,0.838759751356,1.19223651157,False
000852.SH,30,5,0,0,0.742015602169,1.34768055695,False
000852.SH,30,10,0,0,0.70976755244,1.40891196922,False
000852.SH,30,infinity,0,0,0.677519502711,1.47597227238,False
000852.SH,30,1,0.5,0,1,1,False
000852.SH,30,2,0.5,0,0.919379875678,1.08768967698,False
000852.SH,30,5,0.5,0,0.871007801084,1.14809534284,False
000852.SH,30,10,0.5,0,0.85488377622,1.16974965231,False
000852.SH,30,infinity,0.5,0,0.838759751356,1.19223651157,False
000852.SH,60,1,0,0,1,1,False
000852.SH,60,2,0,0,0.841867942259,1.18783475389,False
000852.SH,60,5,0,0,0.746988707614,1.33870832291,False
000852.SH,60,10,0,0,0.715362296066,1.3978930753,False
000852.SH,60,infinity,0,0,0.683735884518,1.46255304518,False
000852.SH,60,1,0.5,0,1,1,False
000852.SH,60,2,0.5,0,0.920933971129,1.08585417777,False
000852.SH,60,5,0.5,0,0.873494353807,1.14482709092,False
000852.SH,60,10,0.5,0,0.857681148033,1.16593445279,False
000852.SH,60,infinity,0.5,0,0.841867942259,1.18783475389,False
000852.SH,120,1,0,0,1,1,False
000852.SH,120,2,0,0,0.80525145342,1.24184811558,False
000852.SH,120,5,0,0,0.688402325471,1.4526389046,False
000852.SH,120,10,0,0,0.649452616155,1.53975821349,False
000852.SH,120,infinity,0,0,0.610502906839,1.63799383885,False
000852.SH,120,1,0.5,0,1,1,False
000852.SH,120,2,0.5,0,0.90262572671,1.10787890308,False
000852.SH,120,5,0.5,0,0.844201162736,1.18455179185,False
000852.SH,120,10,0.5,0,0.824726308078,1.21252346409,False
000852.SH,120,infinity,0.5,0,0.80525145342,1.24184811558,False
000852.SH,240,1,0,0,1,1,False
000852.SH,240,2,0,0,0.811100185224,1.23289331974,False
000852.SH,240,5,0,0,0.697760296358,1.43315692397,False
000852.SH,240,10,0,0,0.659980333403,1.51519666479,False
000852.SH,240,infinity,0,0,0.622200370448,1.60719930025,False
000852.SH,240,1,0.5,0,1,1,False
000852.SH,240,2,0.5,0,0.905550092612,1.10430114044,False
000852.SH,240,5,0.5,0,0.848880148179,1.17802260089,False
000852.SH,240,10,0.5,0,0.829990166701,1.20483355119,False
000852.SH,240,infinity,0.5,0,0.811100185224,1.23289331974,False
000688.SH,1,1,0,0,1,1,False
000688.SH,1,2,0,0,0.675103032893,1.4812553807,False
000688.SH,1,5,0,0,0.480164852629,2.08261807278,False
000688.SH,1,10,0,0,0.415185459208,2.40856219268,False
000688.SH,1,infinity,0,0,0.350206065787,2.85546167727,False
000688.SH,1,1,0.5,0,1,1,False
000688.SH,1,2,0.5,0,0.837551516447,1.19395640789,False
000688.SH,1,5,0.5,0,0.740082426315,1.35120084526,False
000688.SH,1,10,0.5,0,0.707592729604,1.413242333,False
000688.SH,1,infinity,0.5,0,0.675103032893,1.4812553807,False
000688.SH,5,1,0,0,1,1,False
000688.SH,5,2,0,0,0.767848028774,1.30234103954,False
000688.SH,5,5,0,0,0.628556846038,1.59094600004,False
000688.SH,5,10,0,0,0.582126451793,1.71783982143,False
000688.SH,5,infinity,0,0,0.535696057548,1.86673018386,False
000688.SH,5,1,0.5,0,1,1,False
000688.SH,5,2,0.5,0,0.883924014387,1.13131896376,False
000688.SH,5,5,0.5,0,0.814278423019,1.22808117191,False
000688.SH,5,10,0.5,0,0.791063225897,1.26412145991,False
000688.SH,5,infinity,0.5,0,0.767848028774,1.30234103954,False
000688.SH,15,1,0,0,1,1,False
000688.SH,15,2,0,0,0.761638134162,1.31295946874,False
000688.SH,15,5,0,0,0.618621014659,1.61649859333,False
000688.SH,15,10,0,0,0.570948641491,1.75147102091,False
000688.SH,15,infinity,0,0,0.523276268323,1.9110364076,False
000688.SH,15,1,0.5,0,1,1,False
000688.SH,15,2,0.5,0,0.880819067081,1.13530694029,False
000688.SH,15,5,0.5,0,0.809310507329,1.23561969225,False
000688.SH,15,10,0.5,0,0.785474320745,1.27311609506,False
000688.SH,15,infinity,0.5,0,0.761638134162,1.31295946874,False
000688.SH,30,1,0,0,1,1,False
000688.SH,30,2,0,0,0.773853366009,1.29223447739,False
000688.SH,30,5,0,0,0.638165385615,1.56699191548,False
000688.SH,30,10,0,0,0.592936058816,1.68652249282,False
000688.SH,30,infinity,0,0,0.547706732018,1.8257946115,False
000688.SH,30,1,0.5,0,1,1,False
000688.SH,30,2,0.5,0,0.886926683005,1.12748891105,False
000688.SH,30,5,0.5,0,0.819082692807,1.22087795137,False
000688.SH,30,10,0.5,0,0.796468029408,1.25554317697,False
000688.SH,30,infinity,0.5,0,0.773853366009,1.29223447739,False
000688.SH,60,1,0,0,1,1,False
000688.SH,60,2,0,0,0.780121811845,1.28185109661,False
000688.SH,60,5,0,0,0.648194898951,1.54274586489,False
000688.SH,60,10,0,0,0.60421926132,1.65502833825,False
000688.SH,60,infinity,0,0,0.560243623689,1.78493776228,False
000688.SH,60,1,0.5,0,1,1,False
000688.SH,60,2,0.5,0,0.890060905922,1.12351861917,False
000688.SH,60,5,0.5,0,0.824097449476,1.2134487258,False
000688.SH,60,10,0.5,0,0.80210963066,1.2467123717,False
000688.SH,60,infinity,0.5,0,0.780121811845,1.28185109661,False
000688.SH,120,1,0,0,1,1,False
000688.SH,120,2,0,0,0.825757308873,1.21100956571,False
000688.SH,120,5,0,0,0.721211694197,1.3865554428,False
000688.SH,120,10,0,0,0.686363155971,1.45695466212,False
000688.SH,120,infinity,0,0,0.651514617746,1.53488497842,False
000688.SH,120,1,0.5,0,1,1,False
000688.SH,120,2,0.5,0,0.912878654436,1.09543584478,False
000688.SH,120,5,0.5,0,0.860605847098,1.16197211926,False
000688.SH,120,10,0.5,0,0.843181577986,1.18598416534,False
000688.SH,120,infinity,0.5,0,0.825757308873,1.21100956571,False
000688.SH,240,1,0,0,1,1,False
000688.SH,240,2,0,0,0.819390785218,1.22041889907,False
000688.SH,240,5,0,0,0.711025256348,1.40641980165,False
000688.SH,240,10,0,0,0.674903413392,1.48169349889,False
000688.SH,240,infinity,0,0,0.638781570435,1.56548035554,False
000688.SH,240,1,0.5,0,1,1,False
000688.SH,240,2,0.5,0,0.909695392609,1.09926906097,False
000688.SH,240,5,0.5,0,0.855512628174,1.16888981772,False
000688.SH,240,10,0.5,0,0.837451706696,1.19409870683,False
000688.SH,240,infinity,0.5,0,0.819390785218,1.22041889907,False
