symbol,horizon,n,strata,singleton_strata,minimum_stratum_n,ex_post_not_causally_available,reconstruction_error_bp2,component,event_var_bp2,control_var_bp2,event_control_cov_bp2,covariance_term_bp2,difference_var_bp2,event_sd_bp,control_sd_bp,difference_sd_bp,event_control_correlation,event_share_of_difference,control_share_of_difference,covariance_share_of_difference,cancellation_relative_to_marginal_sum
000852.SH,1,1752,101,6,1,True,1.11910480882e-13,TOTAL,129.304832558,80.7041124025,6.65225565905,-13.3045113181,196.704433642,11.3712282783,8.98354676075,14.0251357798,0.0651198993772,0.657355963785,0.410281105048,-0.0676370688335,0.063352117314
000852.SH,1,1752,101,6,1,True,1.11910480882e-13,WITHIN,121.453120649,70.998826674,6.45217628165,-12.9043525633,179.54759476,11.0205771468,8.4260801488,13.3995371099,0.0694826381292,0.676439697293,0.395431789377,-0.0718714866695,0.0670523356235
000852.SH,1,1752,101,6,1,True,1.11910480882e-13,BETWEEN,7.8517119089,9.70528572853,0.200079377405,-0.400158754809,17.1568388826,2.80209063181,3.11533075749,4.14208146741,0.0229200724597,0.457643273485,0.565680297806,-0.0233235712911,0.0227919808997
000852.SH,5,1752,101,6,1,True,2.84217094304e-13,TOTAL,1966.1091605,1335.39682348,234.535946487,-469.071892974,2832.43409102,44.3408294973,36.5430817459,53.2206171612,0.144743954001,0.694141186459,0.471466159697,-0.165607346156,0.142078159255
000852.SH,5,1752,101,6,1,True,2.84217094304e-13,WITHIN,1829.77471437,1130.27630322,218.64181604,-437.283632079,2522.76738551,42.7758660271,33.6195821392,50.2271578482,0.152034483765,0.725304570244,0.448030329593,-0.173334899837,0.147728410585
000852.SH,5,1752,101,6,1,True,2.84217094304e-13,BETWEEN,136.334446135,205.120520269,15.8941304473,-31.7882608945,309.66670551,11.6762342446,14.3220291952,17.5973493887,0.0950450315753,0.440261880627,0.662391263314,-0.102653143941,0.0930964959429
000852.SH,15,1752,101,6,1,True,1.64845914696e-12,TOTAL,5004.92189922,2493.97030175,333.225783539,-666.451567078,6832.44063389,70.7454726411,49.9396666163,82.6585787072,0.0943179399736,0.732523291076,0.36501894936,-0.0975422404363,0.0888733361165
000852.SH,15,1752,101,6,1,True,1.64845914696e-12,WITHIN,4744.31943021,2109.27246079,306.447243931,-612.894487862,6240.69740315,68.8790202472,45.9268163581,78.9980848068,0.0968729260108,0.760222635987,0.337986658307,-0.0982092942935,0.089426755723
000852.SH,15,1752,101,6,1,True,1.64845914696e-12,BETWEEN,260.602469005,384.697840955,26.7785396079,-53.5570792158,591.743230744,16.1431864576,19.6137156336,24.3257729732,0.0845741713335,0.44039788791,0.650109407202,-0.0905072951125,0.0829955888586
000852.SH,30,1752,101,6,1,True,3.75166564481e-12,TOTAL,9969.95366637,4745.42150213,765.56682311,-1531.13364622,13184.2415223,99.8496553142,68.8870198378,114.822652479,0.111301018248,0.756202292678,0.359931323627,-0.116133616305,0.104049922526
000852.SH,30,1752,101,6,1,True,3.75166564481e-12,WITHIN,9224.767278,4192.42795695,601.415540816,-1202.83108163,12214.3641533,96.0456520515,64.7489610492,110.51861451,0.0967083854422,0.755239254553,0.343237511534,-0.0984767660874,0.0896484742578
000852.SH,30,1752,101,6,1,True,3.75166564481e-12,BETWEEN,745.18638837,552.993545176,164.151282294,-328.302564587,969.877368959,27.2981022851,23.5158147887,31.1428542198,0.255712402102,0.768330525302,0.57016852117,-0.338499046472,0.252894499525
000852.SH,60,1752,101,6,1,True,7.27595761418e-12,TOTAL,21587.7002941,9985.45650949,1321.9149305,-2643.829861,28929.3269426,146.927534159,99.9272560891,170.086233842,0.0900360337982,0.746222002916,0.345167259829,-0.0913892627453,0.0837366335412
000852.SH,60,1752,101,6,1,True,7.27595761418e-12,WITHIN,20152.3812975,8972.44370992,959.007783512,-1918.01556702,27206.8094404,141.959083181,94.7229840636,164.944867881,0.0713187257343,0.740710936417,0.329786692907,-0.0704976293241,0.0658550074218
000852.SH,60,1752,101,6,1,True,7.27595761418e-12,BETWEEN,1435.3189966,1013.01279957,362.90714699,-725.81429398,1722.51750218,37.8856040812,31.8278620012,41.5032227927,0.300963506636,0.833268164054,0.588100148929,-0.421368312983,0.296452586662
000852.SH,120,1752,101,6,1,True,2.13731254917e-11,TOTAL,39986.7944177,25511.3284737,2417.68514616,-4835.37029231,60662.752599,199.966983319,159.722661115,246.298097027,0.0756963449917,0.659165512683,0.420543535871,-0.0797090485536,0.0738245628861
000852.SH,120,1752,101,6,1,True,2.13731254917e-11,WITHIN,37532.988987,22814.1096544,2158.14590599,-4316.29181197,56030.8068295,193.734325784,151.043403214,236.708273682,0.0737517729101,0.669863439612,0.407170821649,-0.0770342612611,0.0715244296602
000852.SH,120,1752,101,6,1,True,2.13731254917e-11,BETWEEN,2453.80543066,2697.21881927,259.539240171,-519.078480341,4631.94576959,49.5359004224,51.9347554078,68.058399699,0.10088460005,0.529756942918,0.582307944316,-0.112064887234,0.100771896065
000852.SH,240,1752,101,6,1,True,1.81898940355e-11,TOTAL,92408.5246946,56110.3915319,2941.45007477,-5882.90014954,142636.016077,303.987704841,236.876321172,377.671836489,0.0408492242581,0.647862491089,0.393381651249,-0.0412441423375,0.0396104435651
000852.SH,240,1752,101,6,1,True,1.81898940355e-11,WITHIN,88768.3075307,51493.4820533,2988.18315924,-5976.36631849,134285.423266,297.940107288,226.921753151,366.449755445,0.044197948735,0.661042020586,0.383462931427,-0.0445049520131,0.04260865583
000852.SH,240,1752,101,6,1,True,1.81898940355e-11,BETWEEN,3640.21716397,4616.90947857,-46.7330844768,93.4661689536,8350.59281149,60.334212218,67.947843811,91.3815780751,-0.0113994820724,0.435923202836,0.55288403863,0.0111927585339,-0.0113194544543
000688.SH,1,156,17,1,1,True,2.13162820728e-14,TOTAL,132.249602368,245.384069028,-29.4035403207,58.8070806415,436.440752037,11.4999827116,15.6647396731,20.891164449,-0.163222210534,0.303018454969,0.562239130701,0.13474241433,-0.155725204334
000688.SH,1,156,17,1,1,True,2.13162820728e-14,WITHIN,121.660030436,240.369688945,-27.9285571045,55.8571142089,417.88683359,11.0299605818,15.503860453,20.4422805379,-0.163318238781,0.291131523315,0.575202829148,0.133665647537,-0.154288753709
000688.SH,1,156,17,1,1,True,2.13162820728e-14,BETWEEN,10.5895719315,5.0143800827,-1.47498321628,2.94996643256,18.5539184467,3.25416224726,2.23928115312,4.30742596532,-0.202413395985,0.570745848747,0.270259896695,0.158994254557,-0.189052518867
000688.SH,5,156,17,1,1,True,3.90798504668e-13,TOTAL,882.596282775,764.972838445,-60.3953308627,120.790661725,1768.35978295,29.7085220564,27.6581423535,42.051870148,-0.0735020260257,0.49910447596,0.432588914215,0.0683066098259,-0.0733144729224
000688.SH,5,156,17,1,1,True,3.90798504668e-13,WITHIN,815.324476223,725.141025795,-61.5097418891,123.019483778,1663.4849858,28.5538872349,26.9284426916,40.785842958,-0.0799958442654,0.490130348746,0.435916784333,0.0739528669202,-0.0798586424799
000688.SH,5,156,17,1,1,True,3.90798504668e-13,BETWEEN,67.2718065526,39.83181265,1.11441102642,-2.22882205283,104.87479715,8.20193919464,6.31124493662,10.2408396702,0.021528502407,0.641448740602,0.379803477409,-0.0212522180105,0.0208099601995
000688.SH,15,156,17,1,1,True,4.54747350886e-13,TOTAL,2011.02550694,1832.11745344,-18.169983835,36.3399676699,3879.48292804,44.8444590439,42.8032411557,62.2854953263,-0.00946605656797,0.518374624721,0.472258155898,0.00936721938052,-0.00945579387618
000688.SH,15,156,17,1,1,True,4.54747350886e-13,WITHIN,1819.66607361,1675.63396824,-30.378357709,60.756715418,3556.05675727,42.6575441582,40.9345082813,59.632681956,-0.0173971803149,0.511708951184,0.471205631016,0.0170854177999,-0.0173824034248
000688.SH,15,156,17,1,1,True,4.54747350886e-13,BETWEEN,191.359433324,156.4834852,12.208373874,-24.4167477481,323.426170776,13.8332726903,12.5093359216,17.9840532355,0.0705502614655,0.591663416923,0.483830621452,-0.0754940383751,0.0701947529985
000688.SH,30,156,17,1,1,True,1.98951966013e-12,TOTAL,3653.30185317,3016.87698452,238.369375156,-476.738750312,6193.44008737,60.442550022,54.9261047638,78.698412229,0.0718007331076,0.589866342715,0.487108447318,-0.0769747900338,0.0714731586534
000688.SH,30,156,17,1,1,True,1.98951966013e-12,WITHIN,3352.96678555,2580.45396596,42.038127827,-84.076255654,5849.34449586,57.9048079658,50.7981689233,76.4810074192,0.0142915944177,0.573220946027,0.44115267408,-0.0143736201062,0.0141699466758
000688.SH,30,156,17,1,1,True,1.98951966013e-12,BETWEEN,300.335067613,436.423018557,196.331247329,-392.662494658,344.095591512,17.3301779452,20.8907400194,18.5498137864,0.542291227836,0.872824514529,1.26831912214,-1.14114363667,0.532959871129
000688.SH,60,156,17,1,1,True,2.95585778076e-12,TOTAL,8051.83145823,6320.18656709,-748.807936747,1497.61587349,15869.6338988,89.7319979619,79.4996010499,125.974735161,-0.104968297136,0.507373485083,0.398256608022,0.0943699068954,-0.10420358998
000688.SH,60,156,17,1,1,True,2.95585778076e-12,WITHIN,7802.29686692,4939.30384945,-939.432448453,1878.86489691,14620.4656133,88.3306111545,70.2801810573,120.915117389,-0.151328751788,0.533655840607,0.337834921274,0.128509238119,-0.147459093934
000688.SH,60,156,17,1,1,True,2.95585778076e-12,BETWEEN,249.534591314,1380.88271764,190.624511706,-381.249023411,1249.16828554,15.7966639299,37.1602303227,35.3435748834,0.324739388358,0.199760588067,1.10544170359,-0.305202291657,0.233835240413
000688.SH,120,156,17,1,1,True,4.09272615798e-12,TOTAL,17748.9299384,9493.6360071,-38.8355312771,77.6710625542,27320.2370081,133.225110015,97.4352913841,165.288345046,-0.0029917608515,0.649662370541,0.347494643048,0.00284298641082,-0.00285109202671
000688.SH,120,156,17,1,1,True,4.09272615798e-12,WITHIN,17104.3737971,7282.79805558,-407.668929055,815.337858109,25202.5097108,130.783690868,85.3393113142,158.752983313,-0.0365262333398,0.678677401313,0.288971143714,0.0323514549728,-0.0334330632119
000688.SH,120,156,17,1,1,True,4.09272615798e-12,BETWEEN,644.556141333,2210.83795152,368.833397777,-737.666795555,2117.7272973,25.3881102356,47.0195486103,46.0187711407,0.308973625209,0.304362201005,1.04396725411,-0.348329455118,0.258341500881
000688.SH,240,156,17,1,1,True,2.54658516496e-11,TOTAL,44308.6553268,25055.6741679,1811.51185835,-3623.02371671,65741.305778,210.496212144,158.289842276,256.400674293,0.0543680616691,0.673985020566,0.381125289061,-0.055110309627,0.0522317990111
000688.SH,240,156,17,1,1,True,2.54658516496e-11,WITHIN,41853.9129303,20534.6463081,1202.68251911,-2405.36503823,59983.1942002,204.582288897,143.299149712,244.914667181,0.0410241273699,0.697760655937,0.342339993425,-0.0401006493619,0.0385545854495
000688.SH,240,156,17,1,1,True,2.54658516496e-11,BETWEEN,2454.74239647,4521.02785977,608.82933924,-1217.65867848,5758.11157776,49.5453569618,67.2385890674,75.8822217503,0.182756999566,0.426310321243,0.785158085028,-0.211468406271,0.174555444596
