symbol,stage,cohort,horizon,pairs,unique_controls,maximum_exact_reuse,control_inclusive_overlap_pairs,maximum_control_increment_multiplicity,control_increment_minutes_used_more_than_once,event_control_shared_increment_minutes,within_pair_interval_overlaps,event_unit_energy,control_unit_energy,net_unit_energy,control_unit_energy_ratio_NOT_variance_effect,unit_covariance_cancellation_NOT_observed_noise,control_calendar_HHI_unit_incidence,largest_control_day_unit_share,control_after_event_count,full_240_maturity_violations
000688.SH,ORIGINAL_REFERENCE,ALL_ORIGINAL_EVENTS,1,156,143,3,24,3,11,0,14,156,186,342,1.19230769231,0,0.0371466140697,0.0961538461538,81,101
000688.SH,ORIGINAL_REFERENCE,ALL_ORIGINAL_EVENTS,5,156,143,3,55,6,96,81,19,780,1066,1672,1.36666666667,0.0942578548212,0.036936226167,0.0961538461538,81,101
000688.SH,ORIGINAL_REFERENCE,ALL_ORIGINAL_EVENTS,15,156,143,3,105,6,421,310,20,2372,3848,5504,1.64444444444,0.115112540193,0.0367046533713,0.0940170940171,81,101
000688.SH,ORIGINAL_REFERENCE,ALL_ORIGINAL_EVENTS,30,156,143,3,150,7,953,662,20,4916,9150,12484,1.95512820513,0.112469785298,0.0362518262839,0.0918803418803,81,101
000688.SH,ORIGINAL_REFERENCE,ALL_ORIGINAL_EVENTS,60,156,143,3,255,9,2060,1382,20,10992,24060,30976,2.57051282051,0.116284377496,0.0358277859961,0.0849358974359,81,101
000688.SH,ORIGINAL_REFERENCE,ALL_ORIGINAL_EVENTS,120,156,143,3,376,10,4210,2822,20,26716,63554,78204,3.39497863248,0.133665669658,0.0349423293794,0.0834401709402,81,101
000688.SH,ORIGINAL_REFERENCE,ALL_ORIGINAL_EVENTS,240,156,143,3,561,16,8135,5702,20,69632,160344,194384,4.28269230769,0.154763975371,0.0307670463625,0.086672008547,81,101
000688.SH,PAST_NEAREST,NEW_ASSIGNMENT_SAME_EVENTS,1,122,103,6,50,6,12,0,0,122,186,308,1.52459016393,0,0.102123085192,0.22131147541,0,0
000688.SH,PAST_NEAREST,ORIGINAL_REFERENCE_SAME_EVENTS,1,122,111,3,20,3,9,0,12,122,148,270,1.2131147541,0,0.0352055898952,0.0737704918033,49,67
000688.SH,PAST_NEAREST,NEW_ASSIGNMENT_SAME_EVENTS,5,122,103,6,127,9,87,10,0,610,1252,1850,2.05245901639,0.00644468313641,0.101779091642,0.22131147541,0,0
000688.SH,PAST_NEAREST,ORIGINAL_REFERENCE_SAME_EVENTS,5,122,111,3,43,5,72,71,17,610,834,1294,1.36721311475,0.103878116343,0.0350765923139,0.0737704918033,49,67
000688.SH,PAST_NEAREST,NEW_ASSIGNMENT_SAME_EVENTS,15,122,103,6,307,18,255,59,0,1846,5380,7164,2.93989071038,0.00858012731802,0.101738481292,0.22131147541,0,0
000688.SH,PAST_NEAREST,ORIGINAL_REFERENCE_SAME_EVENTS,15,122,111,3,65,5,293,280,18,1846,2834,4092,1.54863387978,0.125641025641,0.0349965660366,0.0737704918033,49,67
000688.SH,PAST_NEAREST,NEW_ASSIGNMENT_SAME_EVENTS,30,122,103,6,422,22,541,155,0,3850,12956,16706,3.53989071038,0.005950255861,0.101602317179,0.22131147541,0,0
000688.SH,PAST_NEAREST,ORIGINAL_REFERENCE_SAME_EVENTS,30,122,111,3,91,6,660,595,18,3850,6364,8968,1.73879781421,0.121989426278,0.0348360655738,0.0737704918033,49,67
000688.SH,PAST_NEAREST,NEW_ASSIGNMENT_SAME_EVENTS,60,122,103,6,549,22,1238,454,0,8392,34576,42622,4.72349726776,0.00805250418916,0.101031420765,0.22131147541,0,0
000688.SH,PAST_NEAREST,ORIGINAL_REFERENCE_SAME_EVENTS,60,122,111,3,147,8,1483,1225,18,8392,15812,21056,2.16010928962,0.130061146918,0.0350168712114,0.0699453551913,49,67
000688.SH,PAST_NEAREST,NEW_ASSIGNMENT_SAME_EVENTS,120,122,103,6,700,26,2695,1221,0,19782,93362,111872,6.37718579235,0.0112423106837,0.100158223596,0.220833333333,0,0
000688.SH,PAST_NEAREST,ORIGINAL_REFERENCE_SAME_EVENTS,120,122,111,3,208,8,3384,2507,18,19782,39046,49684,2.66707650273,0.15543618685,0.0352536467198,0.0655737704918,49,67
000688.SH,PAST_NEAREST,NEW_ASSIGNMENT_SAME_EVENTS,240,122,103,6,784,27,4958,3212,0,48428,236250,277498,8.06864754098,0.0252214783018,0.0770590763012,0.173394808743,0,0
000688.SH,PAST_NEAREST,ORIGINAL_REFERENCE_SAME_EVENTS,240,122,111,3,294,10,7220,5246,18,48428,89642,112330,3.06154371585,0.186427174622,0.0298247582228,0.0660860655738,49,67
000688.SH,PAST_CALIPER,NEW_ASSIGNMENT_SAME_EVENTS,1,27,27,1,0,1,0,0,0,27,27,54,1,0,0.0864197530864,0.185185185185,0,0
000688.SH,PAST_CALIPER,ORIGINAL_REFERENCE_SAME_EVENTS,1,27,27,1,0,1,0,0,3,27,27,54,1,0,0.0589849108368,0.111111111111,2,7
000688.SH,PAST_CALIPER,NEW_ASSIGNMENT_SAME_EVENTS,5,27,27,1,1,1,0,0,0,135,135,270,1,0,0.0864197530864,0.185185185185,0,0
000688.SH,PAST_CALIPER,ORIGINAL_REFERENCE_SAME_EVENTS,5,27,27,1,1,1,0,18,5,135,135,234,1,0.133333333333,0.0589849108368,0.111111111111,2,7
000688.SH,PAST_CALIPER,NEW_ASSIGNMENT_SAME_EVENTS,15,27,27,1,2,2,12,0,0,405,429,834,1.05925925926,0,0.0864197530864,0.185185185185,0,0
000688.SH,PAST_CALIPER,ORIGINAL_REFERENCE_SAME_EVENTS,15,27,27,1,2,2,12,68,5,405,429,698,1.05925925926,0.163069544365,0.0589849108368,0.111111111111,2,7
000688.SH,PAST_CALIPER,NEW_ASSIGNMENT_SAME_EVENTS,30,27,27,1,2,2,42,0,0,854,894,1748,1.1037037037,0,0.0858832495046,0.185185185185,0,0
000688.SH,PAST_CALIPER,ORIGINAL_REFERENCE_SAME_EVENTS,30,27,27,1,2,2,42,143,5,854,894,1462,1.1037037037,0.163615560641,0.0586313062033,0.111111111111,2,7
000688.SH,PAST_CALIPER,NEW_ASSIGNMENT_SAME_EVENTS,60,27,27,1,6,2,186,0,0,1846,1992,3838,1.22962962963,0,0.07570492303,0.17037037037,0,0
000688.SH,PAST_CALIPER,ORIGINAL_REFERENCE_SAME_EVENTS,60,27,27,1,4,2,130,293,5,1846,1880,3140,1.16049382716,0.157273215244,0.0561530254534,0.111111111111,2,7
000688.SH,PAST_CALIPER,NEW_ASSIGNMENT_SAME_EVENTS,120,27,27,1,12,3,637,0,0,4258,4702,8960,1.4512345679,0,0.066512345679,0.141975308642,0,0
000688.SH,PAST_CALIPER,ORIGINAL_REFERENCE_SAME_EVENTS,120,27,27,1,6,2,409,593,5,4258,4058,7030,1.2524691358,0.154641654642,0.0518347050754,0.0938271604938,2,7
000688.SH,PAST_CALIPER,NEW_ASSIGNMENT_SAME_EVENTS,240,27,27,1,22,5,1636,35,0,9562,11378,21010,1.75586419753,-0.00334288443171,0.0531888717421,0.105401234568,0,0
000688.SH,PAST_CALIPER,ORIGINAL_REFERENCE_SAME_EVENTS,240,27,27,1,10,3,1189,1228,5,9562,8926,15286,1.3774691358,0.173193422761,0.0388832685566,0.0695987654321,2,7
000688.SH,PAST_CALIPER_EXCLUSIVE,NEW_ASSIGNMENT_SAME_EVENTS,1,17,17,1,0,1,0,0,0,17,17,34,1,0,0.0588235294118,0.0588235294118,0,0
000688.SH,PAST_CALIPER_EXCLUSIVE,ORIGINAL_REFERENCE_SAME_EVENTS,1,17,17,1,0,1,0,0,2,17,17,34,1,0,0.0795847750865,0.117647058824,2,6
000688.SH,PAST_CALIPER_EXCLUSIVE,NEW_ASSIGNMENT_SAME_EVENTS,5,17,17,1,0,1,0,0,0,85,85,170,1,0,0.0588235294118,0.0588235294118,0,0
000688.SH,PAST_CALIPER_EXCLUSIVE,ORIGINAL_REFERENCE_SAME_EVENTS,5,17,17,1,0,1,0,14,4,85,85,142,1,0.164705882353,0.0795847750865,0.117647058824,2,6
000688.SH,PAST_CALIPER_EXCLUSIVE,NEW_ASSIGNMENT_SAME_EVENTS,15,17,17,1,0,1,0,0,0,255,255,510,1,0,0.0588235294118,0.0588235294118,0,0
000688.SH,PAST_CALIPER_EXCLUSIVE,ORIGINAL_REFERENCE_SAME_EVENTS,15,17,17,1,1,2,2,54,4,255,259,406,1.01568627451,0.210116731518,0.0795847750865,0.117647058824,2,6
000688.SH,PAST_CALIPER_EXCLUSIVE,NEW_ASSIGNMENT_SAME_EVENTS,30,17,17,1,0,1,0,0,0,524,510,1034,1,0,0.0588235294118,0.0588235294118,0,0
000688.SH,PAST_CALIPER_EXCLUSIVE,ORIGINAL_REFERENCE_SAME_EVENTS,30,17,17,1,1,2,17,114,4,524,544,840,1.06666666667,0.213483146067,0.0795847750865,0.117647058824,2,6
000688.SH,PAST_CALIPER_EXCLUSIVE,NEW_ASSIGNMENT_SAME_EVENTS,60,17,17,1,0,1,0,0,0,1148,1020,2168,1,0,0.0571626297578,0.0588235294118,0,0
000688.SH,PAST_CALIPER_EXCLUSIVE,ORIGINAL_REFERENCE_SAME_EVENTS,60,17,17,1,2,2,63,234,4,1148,1146,1826,1.12352941176,0.204010462075,0.0795847750865,0.117647058824,2,6
000688.SH,PAST_CALIPER_EXCLUSIVE,NEW_ASSIGNMENT_SAME_EVENTS,120,17,17,1,0,1,0,0,0,2538,2040,4578,1,0,0.0567368319877,0.0588235294118,0,0
000688.SH,PAST_CALIPER_EXCLUSIVE,ORIGINAL_REFERENCE_SAME_EVENTS,120,17,17,1,3,2,215,474,4,2538,2470,4060,1.21078431373,0.189297124601,0.0775711264898,0.117647058824,2,6
000688.SH,PAST_CALIPER_EXCLUSIVE,NEW_ASSIGNMENT_SAME_EVENTS,240,17,17,1,0,1,0,35,0,5206,4080,9356,1,-0.00753822959294,0.043241902153,0.0585784313725,0,0
000688.SH,PAST_CALIPER_EXCLUSIVE,ORIGINAL_REFERENCE_SAME_EVENTS,240,17,17,1,3,2,575,989,4,5206,5230,8598,1.2818627451,0.176121119203,0.0524937524029,0.0933823529412,2,6
000852.SH,ORIGINAL_REFERENCE,ALL_ORIGINAL_EVENTS,1,1752,1482,10,736,10,174,0,273,1752,2676,4428,1.52739726027,0,0.00625964325181,0.0336757990868,668,1025
000852.SH,ORIGINAL_REFERENCE,ALL_ORIGINAL_EVENTS,5,1752,1482,10,1585,16,1166,1238,333,8766,18532,24118,2.11552511416,0.1164920507,0.00617032588979,0.0328767123288,668,1025
000852.SH,ORIGINAL_REFERENCE,ALL_ORIGINAL_EVENTS,15,1752,1482,10,2834,21,4168,4776,353,26614,77946,90990,2.96598173516,0.129781943382,0.00613282725085,0.0325722983257,668,1025
000852.SH,ORIGINAL_REFERENCE,ALL_ORIGINAL_EVENTS,30,1752,1482,10,4108,26,8924,10200,354,56048,196326,219930,3.7352739726,0.128555239446,0.00603881640523,0.0321156773212,668,1025
000852.SH,ORIGINAL_REFERENCE,ALL_ORIGINAL_EVENTS,60,1752,1482,10,6256,31,18330,21168,354,126624,494922,543006,4.70816210046,0.126362328774,0.00586888286982,0.0324296042618,668,1025
000852.SH,ORIGINAL_REFERENCE,ALL_ORIGINAL_EVENTS,120,1752,1482,10,9106,45,37438,43220,354,302504,1176146,1291654,5.59430175038,0.126464004328,0.00557660623309,0.0318730974125,668,1025
000852.SH,ORIGINAL_REFERENCE,ALL_ORIGINAL_EVENTS,240,1752,1482,10,12156,63,72720,87505,357,750360,2672342,2952862,6.35545566971,0.137271664317,0.00499146295976,0.0264364535769,668,1025
000852.SH,PAST_NEAREST,NEW_ASSIGNMENT_SAME_EVENTS,1,1645,1333,8,845,8,204,0,0,1645,2657,4302,1.61519756839,0,0.00987832706645,0.0528875379939,0,0
000852.SH,PAST_NEAREST,ORIGINAL_REFERENCE_SAME_EVENTS,1,1645,1401,7,645,7,159,0,266,1645,2439,4084,1.48267477204,0,0.00669506009738,0.0358662613982,570,918
000852.SH,PAST_NEAREST,NEW_ASSIGNMENT_SAME_EVENTS,5,1645,1333,8,1827,15,1336,175,0,8231,19363,27044,2.35416413374,0.0199318692469,0.00970490664351,0.0510638297872,0,0
000852.SH,PAST_NEAREST,ORIGINAL_REFERENCE_SAME_EVENTS,5,1645,1401,7,1435,16,1037,1202,324,8231,16879,22174,2.05215805471,0.116925527678,0.00660030857069,0.0350151975684,570,918
000852.SH,PAST_NEAREST,NEW_ASSIGNMENT_SAME_EVENTS,15,1645,1333,8,3484,22,4206,861,0,24985,85341,107192,3.45860182371,0.0284067218969,0.00965799568658,0.0504964539007,0,0
000852.SH,PAST_NEAREST,ORIGINAL_REFERENCE_SAME_EVENTS,15,1645,1401,7,2602,21,3721,4640,344,24985,71511,84096,2.89811550152,0.128502735865,0.00655703722865,0.0346909827761,570,918
000852.SH,PAST_NEAREST,NEW_ASSIGNMENT_SAME_EVENTS,30,1645,1333,8,5368,31,8530,2315,0,52422,220044,262860,4.4588449848,0.0352557750325,0.00952501506412,0.0498885511651,0,0
000852.SH,PAST_NEAREST,ORIGINAL_REFERENCE_SAME_EVENTS,30,1645,1401,7,3806,26,8018,9914,345,52422,181046,203982,3.66861195542,0.126295680779,0.00644775105757,0.0342046605876,570,918
000852.SH,PAST_NEAREST,NEW_ASSIGNMENT_SAME_EVENTS,60,1645,1333,8,8588,44,16894,6079,0,117258,578108,666616,5.85722391084,0.0413451333542,0.00927692361387,0.049726443769,0,0
000852.SH,PAST_NEAREST,ORIGINAL_REFERENCE_SAME_EVENTS,60,1645,1401,7,5829,31,16851,20582,345,117258,459840,505642,4.65896656535,0.123819524587,0.00625063577264,0.0345390070922,570,918
000852.SH,PAST_NEAREST,NEW_ASSIGNMENT_SAME_EVENTS,120,1645,1333,8,12667,66,31365,14744,0,276766,1444270,1646024,7.31646403242,0.0435853753204,0.00872657080034,0.0484498480243,0,0
000852.SH,PAST_NEAREST,ORIGINAL_REFERENCE_SAME_EVENTS,120,1645,1401,7,8541,45,35155,42080,345,276766,1099736,1206568,5.57110435664,0.123453507514,0.00592866222391,0.033946301925,570,918
000852.SH,PAST_NEAREST,NEW_ASSIGNMENT_SAME_EVENTS,240,1645,1333,8,17158,87,54880,34574,0,684006,3363206,3840630,8.51875886525,0.0510430390106,0.0076505104992,0.0389539007092,0,0
000852.SH,PAST_NEAREST,ORIGINAL_REFERENCE_SAME_EVENTS,240,1645,1401,7,11457,63,69459,85405,348,684006,2505026,2758884,6.34505065856,0.134883563414,0.00530347038091,0.0281560283688,570,918
000852.SH,PAST_CALIPER,NEW_ASSIGNMENT_SAME_EVENTS,1,414,406,3,21,3,7,0,0,414,432,846,1.04347826087,0,0.00821489416322,0.0338164251208,0,0
000852.SH,PAST_CALIPER,ORIGINAL_REFERENCE_SAME_EVENTS,1,414,410,3,16,3,3,0,94,414,424,838,1.02415458937,0,0.00646456160004,0.0289855072464,49,169
000852.SH,PAST_CALIPER,NEW_ASSIGNMENT_SAME_EVENTS,5,414,406,3,49,5,94,14,0,2070,2342,4384,1.13140096618,0.00634632819583,0.00798338350953,0.0304347826087,0,0
000852.SH,PAST_CALIPER,ORIGINAL_REFERENCE_SAME_EVENTS,5,414,410,3,42,5,59,420,115,2070,2272,3490,1.09758454106,0.196222938738,0.00627319190646,0.0265700483092,49,169
000852.SH,PAST_CALIPER,NEW_ASSIGNMENT_SAME_EVENTS,15,414,406,3,99,5,551,60,0,6216,7916,14012,1.27471819646,0.0084913671101,0.00788059360908,0.0294685990338,0,0
000852.SH,PAST_CALIPER,ORIGINAL_REFERENCE_SAME_EVENTS,15,414,410,3,75,5,404,1606,119,6216,7554,10468,1.21642512077,0.239796659405,0.00620323046564,0.0265700483092,49,169
000852.SH,PAST_CALIPER,NEW_ASSIGNMENT_SAME_EVENTS,30,414,406,3,169,5,1654,168,0,12484,17880,30016,1.43961352657,0.0114609405875,0.00775742205834,0.0292270531401,0,0
000852.SH,PAST_CALIPER,ORIGINAL_REFERENCE_SAME_EVENTS,30,414,410,3,116,5,1157,3428,120,12484,16326,21730,1.31449275362,0.245748004165,0.00607797148125,0.0265700483092,49,169
000852.SH,PAST_CALIPER,NEW_ASSIGNMENT_SAME_EVENTS,60,414,406,3,286,7,4331,478,0,25714,41586,66190,1.67415458937,0.0164933135215,0.00753560954359,0.0291867954911,0,0
000852.SH,PAST_CALIPER,ORIGINAL_REFERENCE_SAME_EVENTS,60,414,410,3,198,6,3238,7088,120,25714,35774,46426,1.44017713366,0.24495836586,0.00580075445816,0.0259661835749,49,169
000852.SH,PAST_CALIPER,NEW_ASSIGNMENT_SAME_EVENTS,120,414,406,3,454,9,9959,1392,0,54836,95508,147134,1.92246376812,0.0213510349598,0.00668951255831,0.0260064412238,0,0
000852.SH,PAST_CALIPER,ORIGINAL_REFERENCE_SAME_EVENTS,120,414,410,3,311,9,7848,14433,120,54836,79758,102198,1.60543478261,0.240694235999,0.00521185587762,0.0233293075684,49,169
000852.SH,PAST_CALIPER,NEW_ASSIGNMENT_SAME_EVENTS,240,414,406,3,682,14,20441,4250,0,117868,216470,326278,2.17864331723,0.0241073404758,0.00578912325518,0.0201086956522,0,0
000852.SH,PAST_CALIPER,ORIGINAL_REFERENCE_SAME_EVENTS,240,414,410,3,467,13,17379,29520,120,117868,177772,224054,1.78917069243,0.24213908808,0.00447973734801,0.0184380032206,49,169
000852.SH,PAST_CALIPER_EXCLUSIVE,NEW_ASSIGNMENT_SAME_EVENTS,1,241,241,1,0,1,0,0,0,241,241,482,1,0,0.00414937759336,0.00414937759336,0,0
000852.SH,PAST_CALIPER_EXCLUSIVE,ORIGINAL_REFERENCE_SAME_EVENTS,1,241,241,1,1,1,0,0,73,241,241,482,1,0,0.00501024431398,0.0124481327801,32,128
000852.SH,PAST_CALIPER_EXCLUSIVE,NEW_ASSIGNMENT_SAME_EVENTS,5,241,241,1,0,1,0,14,0,1205,1205,2382,1,0.0116182572614,0.00412733940531,0.00414937759336,0,0
000852.SH,PAST_CALIPER_EXCLUSIVE,ORIGINAL_REFERENCE_SAME_EVENTS,5,241,241,1,2,2,4,336,92,1205,1213,1740,1.00663900415,0.280397022333,0.00498131919216,0.0124481327801,32,128
000852.SH,PAST_CALIPER_EXCLUSIVE,NEW_ASSIGNMENT_SAME_EVENTS,15,241,241,1,0,1,0,74,0,3615,3615,7082,1,0.0204702627939,0.00409275169352,0.00414937759336,0,0
000852.SH,PAST_CALIPER_EXCLUSIVE,ORIGINAL_REFERENCE_SAME_EVENTS,15,241,241,1,3,2,26,1285,95,3615,3667,4668,1.01438450899,0.358967316671,0.00492025504611,0.0124481327801,32,128
000852.SH,PAST_CALIPER_EXCLUSIVE,NEW_ASSIGNMENT_SAME_EVENTS,30,241,241,1,0,1,0,222,0,7238,7230,14024,1,0.0306884158142,0.00405946484699,0.00414937759336,0,0
000852.SH,PAST_CALIPER_EXCLUSIVE,ORIGINAL_REFERENCE_SAME_EVENTS,30,241,241,1,5,2,85,2732,96,7238,7348,9016,1.0163208852,0.381873028932,0.00481473191654,0.0107883817427,32,128
000852.SH,PAST_CALIPER_EXCLUSIVE,NEW_ASSIGNMENT_SAME_EVENTS,60,241,241,1,0,1,0,726,0,14746,14460,27818,1,0.047524481271,0.00388421151304,0.00414937759336,0,0
000852.SH,PAST_CALIPER_EXCLUSIVE,ORIGINAL_REFERENCE_SAME_EVENTS,60,241,241,1,15,2,364,5671,96,14746,14960,18000,1.03457814661,0.394061805696,0.00458509093622,0.0114107883817,32,128
000852.SH,PAST_CALIPER_EXCLUSIVE,NEW_ASSIGNMENT_SAME_EVENTS,120,241,241,1,0,1,0,2018,0,30822,28920,56140,1,0.0602925914767,0.00351649468463,0.00414937759336,0,0
000852.SH,PAST_CALIPER_EXCLUSIVE,ORIGINAL_REFERENCE_SAME_EVENTS,120,241,241,1,24,2,1522,11551,96,30822,31064,37148,1.07413554633,0.399734996607,0.00420191915888,0.0116874135546,32,128
000852.SH,PAST_CALIPER_EXCLUSIVE,NEW_ASSIGNMENT_SAME_EVENTS,240,241,241,1,0,1,0,5657,0,66162,57840,114962,1,0.0729020499669,0.00297066931431,0.00413208852006,0,0
000852.SH,PAST_CALIPER_EXCLUSIVE,ORIGINAL_REFERENCE_SAME_EVENTS,240,241,241,1,38,3,4966,23535,96,66162,64508,76928,1.1152835408,0.411280324482,0.00350972253309,0.0094571230982,32,128
