horizon,group,n,target_mean_bp,target_median_bp,parent_mean_prediction_bp,enhanced_mean_prediction_bp,adjustment_mean_bp,adjustment_median_bp,adjustment_sd_bp,adjustment_positive_fraction,parent_residual_mean_y_minus_prediction_bp,enhanced_residual_mean_y_minus_prediction_bp,parent_centered_error_var_bp2,enhanced_centered_error_var_bp2,parent_mse_bp2,enhanced_mse_bp2,parent_rmse_bp,enhanced_rmse_bp,parent_mae_bp,enhanced_mae_bp,mean_loss_improvement_bp2,median_loss_improvement_bp2,positive_loss_improvement_fraction,relative_mse_reduction,alignment_2_mean_e_g_bp2,adjustment_square_cost_bp2,bias_square_reduction_bp2,centered_error_variance_reduction_bp2,zero_forecast_mse_bp2,enhanced_gain_over_zero_bp2,max_identity_error_bp2,past_mean_forecast_mse_bp2,parent_mean_error_bp,enhanced_mean_error_bp
1,POOLED,1107,0.764311568876449,0.965514486046537,0.0629783374491553,0.141100459559845,0.0781221221106894,0.0209628926749733,0.171980355771617,0.618789521228546,0.701333231427294,0.623211109316604,74.5127760632529,74.366289365353,75.0046443647572,74.7546814521286,8.66052217621762,8.64607896402344,5.08090641457209,5.05835021857081,0.249962912628566,0.0382094025014697,0.545618789521229,0.00333263246223746,0.285643221362975,0.0356803087344094,0.103476214728617,0.146486697899959,74.9348977036324,0.18021625150385,6.43041175862891e-13,74.9824794141642,-0.701333231427294,-0.623211109316604
1,YEAR_2016,326,-0.0470297714648117,0.438334925298989,0.142955770851578,0.0275065643442843,-0.115449206507294,-0.116384802717086,0.011156036455929,0,-0.18998554231639,-0.0745363358090964,145.789710337055,145.847559109589,145.825804843345,145.853114774945,12.0758355753689,12.0769662902132,7.05738212673913,7.06501383657081,-0.0273099316007951,-0.061449275382675,0.478527607361963,-0.000187277770420216,-0.0138569551682243,0.0134529764325697,0.0305388409334063,-0.0578487725341859,145.233885564541,-0.619229210403915,5.22248910783674e-13,145.242173755055,0.18998554231639,0.0745363358090964
1,YEAR_2017,96,0.966420778627866,0.949967732502,-0.0338814592271816,-0.0489132910863563,-0.0150318318591747,-0.0150771588107241,0.000710993145959798,0,1.00030223785505,1.01533406971422,13.8393132501019,13.8400989463429,14.8399178171597,14.8710022194654,3.85226139003569,3.8562938450623,2.72096879023561,2.72592157047747,-0.0310844023056703,-0.0351963408867368,0.333333333333333,-0.00209464787397453,-0.0308579408253745,0.0002264614802961,-0.0302987060646289,-0.000785696241038636,14.4359320294027,-0.435070190062646,4.6296300126869e-14,14.5368463473116,-1.00030223785505,-1.01533406971422
1,YEAR_2018,209,0.681571922712894,0.685745634085855,0.0535537387008884,0.0740686434004148,0.0205149046995264,0.020742345821886,0.000831895593822794,1,0.628018184012005,0.607503279312479,22.870667746318,22.8701619397124,23.2650745857677,23.2392221740878,4.823388288928,4.82070764246161,3.49290081822341,3.48919596975889,0.0258524116799158,0.0229876023029409,0.588516746411483,0.00111121120994518,0.0262739650450259,0.00042155336510967,0.0253466050743208,0.000505806605595183,23.4327643806347,0.193542206546855,4.76285677564192e-14,23.4810624965214,-0.628018184012005,-0.607503279312479
1,YEAR_2019,201,1.16663758791179,1.24850285462719,0.0466425210396947,0.193217439900122,0.146574918860428,0.147420074304916,0.00500143069431315,1,1.11999506687209,0.973420148011666,41.7114074910186,41.7207227132223,42.9657964408364,42.6682694977773,6.55483000853847,6.53209533746847,4.47226063518117,4.43400928478919,0.297526943059114,0.350299499714066,0.631840796019901,0.00692473939052442,0.319036164207044,0.021509221147931,0.306842165262772,-0.00931522220365366,43.1755205953252,0.507251097547886,8.70414851306123e-14,43.2266977116307,-1.11999506687209,-0.973420148011666
1,YEAR_2020,275,1.42438374719352,1.46483325090818,0.0210842917343475,0.354944337491601,0.333860045757253,0.335584152689699,0.00991550736578491,1,1.40329945545917,1.06943940970192,72.8226457269442,72.8358671103142,74.7918950886362,73.9795677613378,8.64823074903972,8.60113758530451,5.21346605480589,5.14266504199175,0.812327327298332,0.878323788819667,0.603636363636364,0.010861167862315,0.92388817473769,0.111560847439356,0.825548710668421,-0.0132213833700803,75.0731207048907,1.09355294355282,6.43041175862891e-13,75.1454927861055,-1.40329945545917,-1.06943940970192
1,LONG,555,0.586452205782915,0.87369469103038,0.0403962314596852,0.124390173062737,0.0839939416030517,0.02115724233696,0.179989558409741,0.609009009009009,0.54605597432323,0.462062032720178,36.2704610179484,36.2116425045945,36.5686381450425,36.425143826676,6.04720085205068,6.03532466621937,3.83649587763511,3.82178343956195,0.143494318366525,0.0211411465921592,0.527927927927928,0.00392397216974233,0.182945541729075,0.0394512233625505,0.0846758050125888,0.0588185133539412,36.4198888467346,-0.00525497994145496,9.41469124882133e-14,36.4591450880956,-0.54605597432323,-0.462062032720178
1,SHORT,552,0.943137558943317,1.11766458273377,0.0856831722755246,0.157901562831393,0.0722183905558686,0.02085503274238,0.163319943884843,0.628623188405797,0.857454386667792,0.785235996111924,112.914313897407,112.675936212477,113.649541922622,113.292531782067,10.6606539162765,10.6438964567524,6.33208005225329,6.30163746920472,0.357010140555074,0.0577045812324051,0.563405797101449,0.00314132494082679,0.388899040560103,0.0318889000050284,0.118632455625954,0.238377684929105,113.65922726084,0.366695478772201,6.43041175862891e-13,113.715179687657,-0.857454386667792,-0.785235996111924
1,YEAR_2016_LONG,176,-0.0952757234616063,0.589140945483902,0.162272053820751,0.0439563781365057,-0.118315675684245,-0.117687344757003,0.00962349880671013,0,-0.257547777282358,-0.139232101598112,56.0264841002014,56.078278506757,56.0928149577845,56.0976640848724,7.48951366630601,7.48983738707807,4.27580049801949,4.29131661472045,-0.00484912708791421,-0.14257093135432,0.448863636363636,-8.64482749094278e-05,0.00924208375398814,0.0140912108419023,0.0469452794676559,-0.0517944065555582,55.7778196991236,-0.319844385748816,9.41469124882133e-14,55.7914573705931,0.257547777282358,0.139232101598112
1,YEAR_2016_SHORT,150,0.00957881221142685,-0.0348747352463265,0.120291332167748,0.00820544949474466,-0.112085882673004,-0.114486780095223,0.011868851293754,0,-0.110712519956322,0.00137336271668232,251.10025571366,251.166175031839,251.112512975735,251.166176917964,15.8465299979439,15.8482231470271,10.3211045711035,10.3194852435419,-0.0536639422292421,0.0688732696679097,0.513333333333333,-0.00021370477159148,-0.0409598275036204,0.0127041147256196,0.0122553759499274,-0.0659193181791693,250.195669513298,-0.970507404665881,5.22248910783674e-13,250.197680979491,0.110712519956322,-0.00137336271668232
1,YEAR_2017_LONG,41,0.838865455734311,0.7032843378596,-0.149683228749915,-0.164984277053845,-0.0153010483039299,-0.015238072614134,0.000637300030657112,0,0.988548684484226,1.00384973278816,4.8817207054543,4.88137890972655,5.85894920704979,5.8890931957454,2.42052663836815,2.42674539161928,1.92265875040572,1.92794218616291,-0.0301439886956036,-0.029155648138114,0.317073170731707,-0.00514494794720746,-0.0299094604650751,0.000234528230528271,-0.0304857844233583,0.000341795727754501,4.95921176198638,-0.929881433759018,3.40005801291454e-15,5.04714823634306,-0.988548684484226,-1.00384973278816
1,YEAR_2017_SHORT,55,1.06150747387579,1.63638103006347,0.0524434962352194,0.0376123529984987,-0.0148311432367208,-0.0148829093721483,0.00069661679591697,0,1.00906397764057,1.02389512087729,20.5166115791789,20.5182459095003,21.5348216901507,21.5666071280566,4.64056264801486,4.6439861248777,3.3160726381088,3.32077892969379,-0.0317854379059018,-0.0495154087661605,0.345454545454545,-0.00147600190813,-0.0315649898212341,0.000220448084668481,-0.0301511075845127,-0.00163433032139437,21.5003962287494,-0.066210899307162,4.6296300126869e-14,21.6109849391245,-1.00906397764057,-1.02389512087729
1,YEAR_2018_LONG,81,0.795983551878261,0.432423405141158,-0.00950560451828215,0.0111401828388727,0.0206457873571548,0.0207930096857651,0.000769376688739213,1,0.805489156396543,0.784843369039388,17.5109431751237,17.5112665063661,18.1597559561961,18.1272456202912,4.26142651657824,4.25761031804124,2.98073793337945,2.97681108971692,0.0325103359049029,0.0187497807497425,0.592592592592593,0.00179024079306585,0.0329371763809888,0.000426840476086028,0.0328336671473171,-0.000323331242416458,18.3243573727846,0.197111752493381,2.08721928629529e-14,18.3805625773793,-0.805489156396543,-0.784843369039388
1,YEAR_2018_SHORT,128,0.609170813631686,0.833743771440631,0.0934584793317698,0.113890559849516,0.0204320805177459,0.020719388592931,0.000858895168978176,1,0.515712334299916,0.49528025378217,26.2298248192944,26.2288423072507,26.4957840310435,26.4741448370372,5.14740556310104,5.14530318222719,3.81700389378873,3.81343952666045,0.0216391940062911,0.0297757682749812,0.5859375,0.00081670329064193,0.0220574016214869,0.000418207615194944,0.0206566819625375,0.000982512043755435,26.6654281902898,0.191283353252562,4.76285677564192e-14,26.7087226016036,-0.515712334299916,-0.49528025378217
1,YEAR_2019_LONG,105,1.62099185446814,1.46260535982323,0.00107015420589526,0.147974093520182,0.146903939314287,0.147622469956211,0.00483196727620386,1,1.61992170026225,1.47301776094796,29.2788934727497,29.2871856883563,31.9030397877302,31.4569670124244,5.64827759478323,5.60865108670743,4.10816840524892,4.06450511301252,0.446072775305788,0.365970804140991,0.647619047619048,0.0139821402058792,0.467676890599601,0.021604115293814,0.454364990912389,-0.00829221560659477,31.9597817833737,0.502814770949268,5.24025267623074e-14,32.0307062272236,-1.61992170026225,-1.47301776094796
1,YEAR_2019_SHORT,96,0.669687608865777,1.1749478843065,0.0964872972641629,0.242702350003182,0.146215052739019,0.14725417566059,0.00515645502232602,1,0.573200311601614,0.426985258862595,54.7371279329511,54.7483151798461,55.0656865301713,54.930631591132,7.42062575058002,7.41152019434151,4.87048651166958,4.83815447266993,0.135054939039314,0.322166440132144,0.614583333333333,0.00245261518650667,0.156460369715183,0.0214054306758713,0.14624218593423,-0.011187246894913,55.4427349208972,0.512103329765154,8.70414851306123e-14,55.4723133977011,-0.573200311601614,-0.426985258862595
1,YEAR_2020_LONG,152,0.48142898310763,0.980500004714724,0.00430675750514103,0.339637790969959,0.335331033464818,0.336418512117972,0.00843898826212452,1,0.477122225602489,0.141791192137671,35.0505281336515,35.0458471808185,35.2781737518154,35.0659519229864,5.93954322753992,5.92165111459518,4.11242013496415,4.07156394736854,0.212221828829007,0.590499582740763,0.559210526315789,0.00601566935754678,0.324739947356478,0.112518118527471,0.207540875996051,0.004680952832949,35.2155547776361,0.149602854649785,7.8159700933611e-14,35.240435699687,-0.477122225602489,-0.141791192137671
1,YEAR_2020_SHORT,123,2.58966117923462,1.91810007760918,0.041817504765562,0.373859744575256,0.332042239809694,0.333441530845894,0.0112173647519211,1,2.54784367446906,2.21580143465936,117.13035227794,117.158162555609,123.621859667472,122.067938553447,11.1185367592805,11.0484360229603,6.57410816713064,6.46630216705458,1.55392111402465,1.17787030315651,0.658536585365854,0.0125699541990755,1.66429899231447,0.110377878289816,1.58173139169349,-0.0278102776688769,124.327998923937,2.2600603704899,6.43041175862891e-13,124.459059266883,-2.54784367446906,-2.21580143465936
5,POOLED,1107,-1.31400879617323,-0.255114127125644,0.0395438553876913,-5.73526488043002,-5.77480873581771,-6.01185357925134,1.24894976009236,0,-1.35355265156092,4.42125608425679,1155.83174072757,1152.64355173492,1157.66384550812,1172.19105709749,34.0244595182366,34.237275842238,18.4704335732996,19.2990431633133,-14.5272115893741,-31.2270041419017,0.425474254742547,-0.0125487304848825,20.3810798491372,34.9082914385113,-17.7154005820301,3.1881889926558,1157.41227321786,-14.7787838796344,2.5465851649642e-11,1157.75220344814,1.35355265156092,-4.42125608425679
5,YEAR_2016,326,-6.09164891635295,-4.18046333192146,0.417327461552227,-6.74110517271236,-7.15843263426459,-7.21644431440769,0.691730483484303,0,-6.50897637790518,0.649456256359416,2430.46240738967,2443.04793264456,2472.8291808778,2443.46972607349,49.7275495161163,49.4314649395857,27.5151225216762,27.5575502397808,29.3594548043106,2.42248833587087,0.50920245398773,0.0118728196154207,81.0811036453964,51.7216488410857,41.9449800592032,-12.5855252548927,2474.81707242802,31.3473463545311,2.5465851649642e-11,2475.4207847522,6.50897637790518,-0.649456256359416
5,YEAR_2017,96,-1.41848940333282,-0.517795598631299,-0.557293737571781,-7.00668433391973,-6.44939059634795,-6.46884477709722,0.305049145606326,0,-0.861195665761044,5.5881949305869,179.744257788312,180.561437874382,180.485915763038,211.789360456619,13.4345046712946,14.5529845893074,8.48954647753081,10.1196212702313,-31.3034446935816,-33.9511897707012,0.354166666666667,-0.173439819729094,10.3842493519149,41.6876940454965,-30.4862646075116,-0.817180086070096,180.029445906252,-31.7599145503667,6.82121026329696e-13,178.914857165901,0.861195665761044,-5.5881949305869
5,YEAR_2018,209,-0.910871981997441,0.935559529871011,-0.00197137642582908,-6.12120911711705,-6.11923774069122,-6.18707934360307,0.24813998136413,0,-0.908900605571612,5.21033713511961,389.703569575969,389.312210014195,390.529669886777,416.459823075802,19.7618235465955,20.4073472816974,13.0962008986413,14.6605290412061,-25.9301531890244,-53.7369340987323,0.37799043062201,-0.0663973961224049,11.5764907884268,37.5066439774511,-26.3215127507979,0.391359561773584,389.72470630956,-26.7351167662416,1.59161572810262e-12,389.283258257224,0.908900605571612,-5.21033713511961
5,YEAR_2019,201,0.487830524277032,0.445502990009672,-0.0241006130475504,-5.1520123882735,-5.12791177522595,-5.15747947063647,0.174974651527976,0,0.511931137324583,5.63984291255053,387.571192244668,387.128745266703,387.83326573403,418.93657334495,19.6934828238692,20.4679401343894,13.6339871112526,14.7624450144317,-31.1033076109196,-32.9774240425109,0.383084577114428,-0.080197627070623,-4.77721230774135,26.3260953031783,-31.545754588884,0.44244697796438,385.314132548549,-33.6224407964008,1.47792889038101e-12,385.560698163749,-0.511931137324583,-5.63984291255053
5,YEAR_2020,275,2.76277491252737,1.75963137214019,-0.121880963088745,-4.23203289001845,-4.1101519269297,-4.13137741204143,0.12206983801709,0,2.88465587561612,6.99480780254582,1077.09595567636,1076.40443339801,1085.41719519709,1125.33176959257,32.9456703558615,33.545965026998,18.8520224165654,19.5545227060516,-39.9145743954822,-31.8335346343056,0.418181818181818,-0.036773486335118,-23.0063244876847,16.9082499077975,-40.6060966738293,0.691522278346838,1084.66032644611,-40.6714431464584,1.13686837721616e-11,1085.85740288461,-2.88465587561612,-6.99480780254582
5,LONG,555,-0.104354358327572,0.531828770045095,-0.0389174681433507,-5.85203813714837,-5.81312066900502,-6.0685277719413,1.33886423511189,0,-0.0654368901842211,5.7476837788208,635.971698873748,632.991454242227,635.975980860345,666.027323063546,25.218564210921,25.8075051693019,13.8664367140541,15.3180413275349,-30.0513422032016,-46.6404104260284,0.371171171171171,-0.0472523225838629,5.53358714927353,35.5849293524752,-33.0315868347228,2.98024463152092,630.330235737144,-35.697087326402,4.77484718430787e-12,631.045497899274,0.0654368901842211,-5.7476837788208
5,SHORT,552,-2.53023744292022,-2.3550281428597,0.118431599155315,-5.61785698644689,-5.73628858560221,-5.95940276990196,1.15020407201074,0,-2.64866904207554,3.08761954352667,1675.1715225954,1671.57228654475,1682.18697028985,1681.10568099032,41.0144726930611,41.0012887723096,23.0994521546063,23.3016808786339,1.08128929952861,-10.3711230157773,0.480072463768116,0.000642787822415663,35.3092654441089,34.2279761445803,-2.51794675111848,3.59923605064728,1687.35888698923,6.25320599890938,2.5465851649642e-11,1687.3214454402,2.64866904207554,-3.08761954352667
5,YEAR_2016_LONG,176,-4.06413926978072,-1.67531872202642,0.506794883855992,-6.82937328556024,-7.33616816941623,-7.29720848531998,0.596705425683532,0,-4.57093415363671,2.76523401577952,1101.54064706857,1108.11966938154,1122.43408610545,1115.76618854357,33.5027474411495,33.4030865122307,16.7550286076544,17.7218276520173,6.66789756188452,-33.266434106453,0.443181818181818,0.00594056937901838,60.8433183368805,54.175420774996,13.2469198748584,-6.57902231297408,1113.3689337104,-2.39725483316511,2.72848410531878e-12,1113.7725205468,4.57093415363671,-2.76523401577952
5,YEAR_2016_SHORT,150,-8.47059356833103,-8.32327976761915,0.31235235271581,-6.63753725363752,-6.94988960635334,-7.09875734636371,0.735928595811325,0,-8.78294592104684,-1.83305631469351,3980.15261969198,3997.94844798909,4057.29275874402,4001.30854344193,63.6968818604492,63.2558973016898,40.1402993807952,39.0981314094233,55.9842153020906,66.699020691236,0.586666666666667,0.0137984164887873,104.826771740722,48.8425564386309,73.7800435991956,-17.795828297104,4072.24955519002,70.9410117480943,2.5465851649642e-11,4073.08808141988,8.78294592104684,1.83305631469351
5,YEAR_2017_LONG,41,0.28594519301792,0.531828770045095,-1.07410530897553,-7.63900259095655,-6.56489728198102,-6.53788019700955,0.273433905510501,0,1.36005050199345,7.92494778397447,65.3956199711801,64.294073627249,67.2453573391527,127.098871005971,8.20032666051498,11.273813507681,5.81750309959914,8.99811230367525,-59.8535136668182,-61.1690161298014,0.24390243902439,-0.890076520300818,-16.6808712431736,43.1726424236445,-60.9550600107493,1.1015463439311,55.8175036347412,-71.2813673712297,3.97903932025656e-13,56.3088749722517,-1.36005050199345,-7.92494778397447
5,YEAR_2017_SHORT,55,-2.68906792061247,-2.86936301561402,-0.172034202525348,-6.53531981503773,-6.36328561251238,-6.38550063390422,0.298879140847218,0,-2.51703371808712,3.84625189442526,258.566146031946,260.128617139005,264.901604769933,274.922270774375,16.2757981300437,16.5807801618131,10.4814333592617,10.9556552271186,-10.0206660044417,-14.1722767469904,0.436363636363636,-0.0378278795749259,30.560066522799,40.5807325272407,-8.45819489738244,-1.5624711070592,272.623802872288,-2.29846790208683,6.82121026329696e-13,270.312043892076,2.51703371808712,-3.84625189442526
5,YEAR_2018_LONG,81,1.45691386123304,2.15776804146639,-0.253618207204718,-6.41189608033966,-6.15827787313494,-6.20219164537742,0.229491638483661,0,1.71053206843775,7.86880994157269,260.998797191512,260.473745212652,263.924717148666,322.391915109245,16.2457599744877,17.955275411679,11.1573641110817,12.7531124657923,-58.4671979605791,-63.0878089225753,0.382716049382716,-0.221529830901155,-20.4901451857018,37.9770527748773,-58.9922499394393,0.525051978860176,257.930665538868,-64.4612495703765,6.82121026329696e-13,258.85203513728,-1.71053206843775,-7.86880994157269
5,YEAR_2018_SHORT,128,-2.40923646091673,0.841599562431128,0.157273883676437,-5.93725877320274,-6.09453265687918,-6.18023160041896,0.256193490477747,0,-2.56651034459316,3.52802231228601,464.05989119246,463.5402296499,470.646866541363,475.987171085888,21.694397123252,21.8171302211333,14.3231210532688,15.8675660928351,-5.34030454452486,-50.8484446217213,0.375,-0.0113467334517047,31.868658865805,37.2089634103299,-5.85996608708421,0.519661542559334,473.125622734763,-2.86154835112507,1.59161572810262e-12,471.821766637814,2.56651034459316,-3.52802231228601
5,YEAR_2019_LONG,105,3.00320655588563,2.21111749878489,-0.20585269815572,-5.34527522755949,-5.13942252940376,-5.16456026625691,0.169045987443091,0,3.20905925404135,8.34848178344511,333.144738907447,332.450607777981,343.442800203396,402.147755866496,18.5322098035662,20.0536220136537,12.4217704141727,14.503666407286,-58.7049556631003,-55.6638205369689,0.285714285714286,-0.170930808939171,-32.2627151814867,26.4422404816136,-59.3990867925665,0.694131129466143,338.745213503083,-63.402542363413,1.47792889038101e-12,340.039491556528,-3.20905925404135,-8.34848178344511
5,YEAR_2019_SHORT,96,-2.26336201029486,-2.59916403353766,0.17469073003951,-4.94063115780445,-5.11532188784396,-5.15167551987634,0.180398165204423,0,-2.43805274033437,2.67726914750958,430.44123624351,430.131572373802,436.385337408162,437.299342462009,20.8898381374333,20.9117034806352,14.9598491236838,15.0454841159973,-0.914005053846923,-2.21942032503285,0.489583333333333,-0.00209449075277255,25.2850564604177,26.1990615142646,-1.22366892355473,0.309663869707947,436.248887754527,-1.05045470748126,6.82121026329696e-13,435.349517890397,2.43805274033437,-2.67726914750958
5,YEAR_2020_LONG,152,1.39671959584212,3.41291968600999,-0.161836635659768,-4.29009789623861,-4.12826126057884,-4.14164921322114,0.103892407335641,0,1.55855623150189,5.68681749208074,624.030208141855,623.71275099285,626.459305668608,656.052644181086,25.0291690966482,25.613524634089,15.134456103839,16.1688262044864,-29.5933385124775,-43.9196640907486,0.375,-0.0472390436931783,-12.5400038445795,17.053334667898,-29.9107956614821,0.31745714900444,625.863154773607,-30.1894894074788,4.77484718430787e-12,626.489884108179,-1.55855623150189,-5.68681749208074
5,YEAR_2020_SHORT,123,4.45090831200833,0.618910364096337,-0.0725048473912217,-4.16027776038052,-4.0877729129893,-4.10499958872322,0.138097007821366,0,4.52341315939955,8.61118607238885,1632.12340182491,1631.10141525948,1652.58466843554,1705.25394083278,40.6519946427667,41.2947204958791,23.4460881038369,23.7384728543274,-52.669272397244,-21.4549270657007,0.471544715447154,-0.0318708465612868,-35.9403142255058,16.7289581717382,-53.6912589626747,1.02198656543032,1651.62918900075,-53.6247518320267,1.13686837721616e-11,1653.5310846246,-4.52341315939955,-8.61118607238885
15,POOLED,1107,0.371672222530646,0.151996893735795,1.19158275280044,-0.0281042922243067,-1.21968704502474,-0.887861680377575,1.67102235123831,0.248419150858175,-0.819910530269792,0.399776514754952,2900.34924491121,2892.63073243033,2901.02149818885,2892.79055369208,53.8611316088778,53.7846683887898,32.8496296932548,32.7399728204977,8.23094449676848,0.838083627106343,0.514905149051491,0.00283725732536183,12.5108966829078,4.27995218613921,0.512432015897675,7.71851248087114,2917.75642891372,24.9658752216351,7.95807864051312e-11,2922.11662596958,0.819910530269792,-0.399776514754952
15,YEAR_2016,326,-2.29991491791172,-7.4406770141,4.0294403740034,0.437041952052655,-3.59239842195075,-3.62151108932478,0.347139049041219,0,-6.32935529191513,-2.73695686996438,5877.57031066362,5878.07086893225,5917.63104907491,5885.5618018403,76.9261402195308,76.7174152447819,46.7783677142323,46.4058049158793,32.0692472346131,44.7595153603952,0.558282208588957,0.00541927115236871,45.0950791760169,13.0258319414035,32.5698055032488,-0.500558268636269,5948.11495932409,62.5531574837933,7.95807864051312e-11,5956.69092957961,6.32935529191513,2.73695686996438
15,YEAR_2017,96,-0.896485872631206,-1.86553609741846,-1.41229484019349,-2.2639870975686,-0.851692257375107,-0.854263770400039,0.0402835141135795,0,0.515808967562285,1.36750122493739,543.786629615392,543.774957125,544.052688506409,545.645016725206,23.3249370525712,23.3590457152086,16.4961238775963,16.4583184938119,-1.59232821879609,1.4424785827448,0.520833333333333,-0.00292679046062159,-0.865325756014062,0.727002462782046,-1.6040007091876,0.0116724903913337,558.615374169804,12.9703574445987,8.24229573481716e-13,557.831001925813,-0.515808967562285,-1.36750122493739
15,YEAR_2018,209,3.76792071306813,2.62249294501138,0.413605607207897,-0.80345858955966,-1.21706419676756,-1.23055743277674,0.0493528649381093,0,3.35431510586023,4.57137930262779,1133.69389203758,1133.32466921015,1144.94532186698,1154.22217793864,33.8370406783303,33.9738454982452,24.6525485047451,24.7324048299392,-9.27685607166159,-8.50009572007584,0.464114832535885,-0.00810244462725478,-7.79317510733053,1.48368096433106,-9.64607889909158,0.369222827430121,1174.23792101084,20.0157430721965,6.13908923696727e-12,1180.95836615033,-3.35431510586023,-4.57137930262779
15,YEAR_2019,201,-0.869972644544454,3.47341486853114,0.332987156865782,0.248754144329549,-0.0842330125362333,-0.08471870265091,0.00287419960828591,0,-1.20295980141024,-1.118726788874,1523.50741647732,1523.51798864304,1524.95452876113,1524.76953827119,39.0506661756381,39.0482975079732,27.8541401376338,27.8604596075739,0.184990489937032,-0.732709097981978,0.462686567164179,0.000121308856394111,0.192093951361326,0.0071034614243175,0.195562655664617,-0.0105721657273534,1515.78999920473,-8.97953906646308,3.60955709766131e-12,1515.13605047982,1.20295980141024,1.118726788874
15,YEAR_2020,275,2.30780047227432,2.88511281785975,-0.0447605103742663,0.587923257137607,0.632683767511873,0.635951048168763,0.0187904501802461,1,2.35256098264859,1.71987721513672,2482.62758718233,2482.61642800084,2488.16213035941,2485.57440563598,49.881480835671,49.8555353560263,31.9276345388654,31.8757597953772,2.5877247234298,3.16195773315318,0.538181818181818,0.0010400145118582,2.98836655412082,0.400641830690994,2.57656554193407,0.0111591814957137,2498.74290478588,13.1684991498987,9.52127265918534e-12,2501.77251290411,-2.35256098264859,-1.71987721513672
15,LONG,555,1.30306059854437,2.16786458152596,1.0153947405836,-0.236837744093313,-1.25223248467692,-0.86337885908737,1.77355183199509,0.273873873873874,0.287665857960764,1.53989834263768,1583.72622178875,1570.82784209192,1583.80897343459,1573.19912899757,39.7970975503816,39.6635743346155,25.9064719245989,25.8590457289264,10.6098444370136,0.499354218525989,0.513513513513513,0.00669894199046335,15.3234167334669,4.71357229645326,-2.28853525982197,12.8983796968353,1569.94616367894,-3.25296531863478,2.45563569478691e-11,1575.38962969861,-0.287665857960764,-1.53989834263768
15,SHORT,552,-0.564778046830977,-2.89053112224602,1.36872830856193,0.18176358057877,-1.18696472798316,-1.08191946695482,1.56047754848147,0.222826086956522,-1.9335063553929,-0.746541627409746,4221.65433983826,4218.99634651065,4225.39278666461,4219.55367091211,65.0030213656612,64.9580916507875,39.8305220150013,39.658296254958,5.83911575250028,1.33575763693191,0.516304347826087,0.0013819107589071,9.6830911972913,3.84397544479086,3.18112242488916,2.65799332761253,4272.89174993782,53.3380790257106,7.95807864051312e-11,4276.16279069855,1.9335063553929,0.746541627409746
15,YEAR_2016_LONG,176,-2.30538424045516,-0.384301093487304,4.26734754977036,0.58575406395226,-3.6815934858181,-3.66204190032196,0.299451533473177,0,-6.57273179022551,-2.89113830440742,2921.49606637565,2920.09669020726,2964.69686956189,2928.45537090247,54.4490300148854,54.1152046185032,34.5297597202275,34.5032744730834,36.2414986594253,8.05110045740475,0.505681818181818,0.0122243521863943,49.8853004751431,13.6438018157177,34.8421224910293,1.39937616839597,2912.95875428969,-15.4966166127801,2.45563569478691e-11,2921.55029829201,6.57273179022551,2.89113830440742
15,YEAR_2016_SHORT,150,-2.29349757946076,-12.0807047370508,3.75029595443685,0.262553074090452,-3.4877428803464,-3.56245088719874,0.36931949510937,0,-6.04379353389761,-2.55605065355121,9345.87971275647,9348.6999525305,9382.40715303685,9355.23334747402,96.8628264766048,96.7224552390706,61.1500677605312,60.3714406354265,27.1738055628334,71.2850820959289,0.62,0.00289625094281247,39.4745528517088,12.3007472888748,29.9940453368629,-2.82023977402787,9509.36490656446,154.13155909044,7.95807864051312e-11,9517.92260362373,6.04379353389761,2.55605065355121
15,YEAR_2017_LONG,41,-0.792928460507854,-1.54985611293346,-2.72005252476556,-3.58699823542337,-0.866945710657819,-0.86337885908737,0.0361094633176628,0,1.9271240642577,2.79406977491552,145.170120492726,145.003639360669,148.883927651767,152.810465267765,12.2018001807834,12.3616530151823,9.28672155001749,9.30949450462048,-3.92653761599838,-2.60081150062929,0.48780487804878,-0.0263731463693138,-3.17363885742929,0.75289875856908,-4.09301874805534,0.166481132056958,128.628970063683,-24.1814952040824,5.54223333892878e-13,128.059057582214,-1.9271240642577,-2.79406977491552
15,YEAR_2017_SHORT,55,-0.973683216214068,-6.04380909429381,-0.437420929876132,-1.27774243116776,-0.840321501291632,-0.843256919087652,0.0394680357269385,0,-0.536262286337936,0.304059214953697,838.345460267395,838.392866714554,838.633037507143,838.485318720752,28.9591615470328,28.9566109674587,21.8704056127006,21.7874418312092,0.147718786391067,5.23085464141159,0.545454545454545,0.000176142340910114,0.855416737768198,0.707697951377166,0.195125233550132,-0.0474064471590054,879.150693594367,40.6653748736155,8.24229573481716e-13,878.206451345587,0.536262286337936,-0.304059214953697
15,YEAR_2018_LONG,81,2.35284122115817,-2.84075777213566,-0.333821357188496,-1.55865012647704,-1.22482876928854,-1.23356294160988,0.0456439162121711,0,2.68666257834667,3.91149134763521,586.663877788779,586.217754871835,593.882033598668,601.517519434461,24.3696949837019,24.5258541020381,17.7598617857244,17.7043535176439,-7.6354858357931,2.44216260773725,0.518518518518518,-0.0128569065973008,-6.13319695462904,1.50228888116407,-8.08160875273675,0.446122916943864,610.562794762945,9.04527532848465,6.82121026329696e-13,615.00308439295,-2.68666257834667,-3.91149134763521
15,YEAR_2018_SHORT,128,4.66340070404239,7.36489041371191,0.88658673311499,-0.325563945104131,-1.21215067821912,-1.2291955224231,0.0509546391714556,0,3.7768139709274,4.98896464914653,1479.40073520327,1479.09082637788,1493.66505897427,1503.98059464831,38.6479631930878,38.7811886698734,29.0143268191254,29.1798435510011,-10.3155356740471,-18.0544093655185,0.4296875,-0.00690619065637849,-8.84363003208695,1.47190564196017,-10.6254444994413,0.309908825394132,1530.93858683958,26.9579921912637,6.13908923696727e-12,1539.10194288743,-3.7768139709274,-4.98896464914653
15,YEAR_2019_LONG,105,5.98284452658561,6.19295283379451,-0.213469688563525,-0.297891781088545,-0.0844220925250206,-0.084835014469917,0.00277681313635045,0,6.19631421514914,6.28073630767416,1017.95212383234,1017.93857595835,1056.3464336852,1057.38622452489,32.501483561296,32.5174756788544,24.2451499035298,24.2616860792312,-1.03979083969462,-0.969731864658023,0.4,-0.000984327495731849,-1.03265603929721,0.00713480039749735,-1.05333871367714,0.0135478739823611,1061.45568424013,4.06945971523942,2.94164692604681e-12,1068.3286864332,-6.19631421514914,-6.28073630767416
15,YEAR_2019_SHORT,96,-8.36524142546796,-3.05606333336206,0.930674331554087,0.84664812525559,-0.0840262062984971,-0.084623364767078,0.00296328828912203,0,-9.29591575702205,-9.21188955072355,1951.08058298877,1951.11112858647,2037.49463275043,2035.9700376812,45.1386157602382,45.1217246753845,31.8014732061851,31.7966181541986,1.52459506922165,0.363811079772645,0.53125,0.000748269489752516,1.5316642536441,0.00706918442240204,1.55514066692106,-0.0305455976990743,2012.71815619725,-23.2518814839495,3.60955709766131e-12,2003.83160490582,9.29591575702205,9.21188955072355
15,YEAR_2020_LONG,152,2.25445731044574,5.59875793714748,-0.174559782821422,0.460911590025719,0.635471372847141,0.637532206720823,0.0159923625349027,1,2.42901709326716,1.79354572042002,1257.93059912603,1257.9915463115,1263.83072316541,1261.20835256273,35.5503969480709,35.5134953582822,25.8934807850482,25.7629942391683,2.62237060267641,7.26290908585585,0.605263157894737,0.0020749381658553,3.02645022404413,0.404079621367677,2.68331778814708,-0.060947185470468,1266.16552035002,4.95716778728274,5.62749846721999e-12,1269.13295204701,-2.42901709326716,-1.79354572042002
15,YEAR_2020_SHORT,123,2.37372047713566,-2.88235398136161,0.11564184256856,0.744880764462866,0.629238921894306,0.631890657961197,0.0212575439409132,1,2.2580786345671,1.62883971267279,3996.05812094268,3995.95901094944,4001.15704006257,3998.61212975902,63.2546997468376,63.234580173818,39.3844749500868,39.4297464989848,2.54491030354781,-3.34995806958251,0.455284552845528,0.00063604359390703,2.94130380754892,0.396393504001109,2.44580031030844,0.0991099932402904,4021.92796522695,23.315835467929,9.52127265918534e-12,4025.03440924783,-2.2580786345671,-1.62883971267279
30,POOLED,1107,1.75856442762827,2.96751392420136,1.67943651554161,-1.39647534784219,-3.07591186338379,-3.44811022172168,3.78649084929718,0.248419150858175,0.0791279120866631,3.15503977547046,6498.18630283937,6469.57870298335,6498.19256406584,6479.53297896815,80.6113674618279,80.4955463300185,49.3517157875971,49.3743728849528,18.6595850976956,-7.68562566514643,0.480578139114724,0.00287150387030398,42.4583318408121,23.7987467431164,-9.94801475832948,28.6075998560254,6491.63586165471,12.1028826865622,2.29192664846778e-10,6515.77550908441,-0.0791279120866631,-3.15503977547046
30,YEAR_2016,326,-5.93934609270505,-2.37092644604586,6.87960537434427,-1.24623313923761,-8.12583851358188,-8.19169001611446,0.785212418820621,0,-12.8189514670493,-4.69311295346744,13649.8325697383,13659.1463024807,13814.1580864529,13681.1716116747,117.53364661429,116.966540564705,68.1805229603251,67.8171326058018,132.986474778182,53.7523761496525,0.521472392638037,0.00962682444676796,199.632284869663,66.6458100914808,142.300207520562,-9.3137327423774,13731.4492832705,50.2776715957752,2.29192664846778e-10,13771.6460581863,12.8189514670493,4.69311295346744
30,YEAR_2017,96,1.76181947726045,-4.24557242443502,-3.59250082496926,-7.10014148528511,-3.50764066031585,-3.51823608237135,0.165904510612125,0,5.35432030222971,8.86196096254556,2554.1234740668,2551.66009029236,2582.79221996566,2630.19444239404,50.8211788525774,51.2854213436337,28.6105935849152,28.6479679200683,-47.4022224283737,-1.336177355172,0.489583333333333,-0.0183530916896613,-35.071155119831,12.3310673085425,-49.8656062028122,2.46338377443772,2675.90503842885,45.7105960348117,2.77395884040743e-11,2686.5801115603,-5.35432030222971,-8.86196096254556
30,YEAR_2018,209,11.2884219621524,8.05417753306559,0.209392075896693,-3.33354261720886,-3.54293469310555,-3.5822150903287,0.143668186643085,0,11.0790298862557,14.6219645793613,2948.64399049926,2946.98085708834,3071.38889371981,3160.78270524844,55.4201127183968,56.2208387099342,39.2702681944383,39.9848904794311,-89.393811528631,-86.0775082659606,0.397129186602871,-0.0291053378852213,-76.8207847411667,12.5730267874642,-91.056944939548,1.663133410917,3141.32476059342,-19.4579446550242,1.25055521493778e-11,3183.13040669709,-11.0790298862557,-14.6219645793613
30,YEAR_2019,201,3.86956593862119,9.37313245054083,0.268637874625624,-0.35844864059065,-0.627086515216274,-0.63070231515408,0.0213974516893928,0,3.60092806399557,4.22801457921184,2956.17239803287,2956.26029121529,2969.13908095494,2974.13639849732,54.4898071289938,54.5356433765782,42.0891980959336,42.1861163441662,-4.99731754237605,-10.8571534073836,0.422885572139304,-0.00168308637828067,-4.60362219387109,0.39369534850489,-4.90942435995701,-0.0878931824195206,2959.16372790263,-14.97267059469,1.98951966012828e-12,2969.45140361258,-3.60092806399557,-4.22801457921184
30,YEAR_2020,275,2.09730921467865,4.11126426608677,-0.496342570170129,1.12998530790146,1.62632787807159,1.63472649660844,0.048301275516883,1,2.59365178484878,0.967323906777188,4369.33967973226,4369.52753663055,4376.06670931331,4370.46325217118,66.1518458496308,66.1094792913329,47.241698319025,47.1366877761685,5.6034571421349,13.3509784990481,0.534545454545455,0.00128047799870359,8.25073252234404,2.64727538020939,5.79131404042656,-0.187856898291102,4369.35550743261,-1.10774473857145,3.21733750752173e-11,4375.85889364399,-2.59365178484878,-0.967323906777188
30,LONG,555,-1.39710099259348,2.40065401601486,1.59736105402215,-1.49913383601542,-3.09649489003758,-3.46553676965147,4.01949583559156,0.273873873873874,-2.99446204661564,0.102032843421942,5842.6836137593,5774.81269784827,5851.65041670792,5774.82310854941,76.4960810545738,75.9922568986433,40.9805359376711,40.9023399525077,76.8273081585156,-8.20552205587999,0.477477477477477,0.0131291691552787,102.571935534882,25.7446273763667,8.95639224748474,67.8709159110294,5660.72404403357,-114.099064515834,2.29192664846778e-10,5693.4254507423,2.99446204661564,-0.102032843421942
30,SHORT,552,4.93138020339471,4.3587845865356,1.76195803935193,-1.29325893310279,-3.05521697245472,-3.4386853503828,3.5366566023388,0.222826086956522,3.16942216404278,6.2246391364975,7138.20329058809,7149.3266619552,7148.24852744202,7188.07279433482,84.5473153177676,84.7825028784526,57.7683911801857,57.8924494746395,-39.8242668928027,-5.86539784327983,0.483695652173913,-0.00557119226338004,-17.9819762211609,21.842290671642,-28.7008955256907,-11.1233713671136,7327.06350437162,138.990710036797,3.21733750752173e-11,7342.59486122185,-3.16942216404278,-6.2246391364975
30,YEAR_2016_LONG,176,-12.9770109308459,0.0388874734780221,8.03928803257518,-0.288305576089136,-8.32759360866432,-8.28336882962668,0.677345471699148,0,-21.0162989634211,-12.6887053547568,13748.9973013102,13752.7811402745,14190.6821234301,13913.7843838543,119.124649520702,117.956705548495,56.6119139394972,56.2597449686401,276.897739575815,38.642056046322,0.517045454545455,0.0195126447881341,346.705351774914,69.8076121990981,280.681578540061,-3.78383896424566,13592.4463724725,-321.338011381793,2.29192664846778e-10,13671.3242796767,21.0162989634211,12.6887053547568
30,YEAR_2016_SHORT,150,2.31818065071356,-6.34582627234037,5.51891105535334,-2.37020147999848,-7.88911253535183,-8.05809857978507,0.835383558471424,0,-3.20073040463978,4.68838213071205,13362.1252079431,13386.2583653138,13372.3698830663,13408.2392923173,115.63896351605,115.793951881423,81.7543575447633,81.3778007667381,-35.8694092510413,86.9120708697812,0.526666666666667,-0.00268235245993782,27.066553034168,62.9359622852097,-11.7362518803945,-24.1331573706484,13894.5460319401,486.306739622785,2.91038304567337e-11,13889.3569449709,3.20073040463978,-4.68838213071205
30,YEAR_2017_LONG,41,-4.66002526187623,-6.72321638671813,-5.44558752958334,-9.01604757135482,-3.57046004177148,-3.5557708657489,0.148715932140393,0,0.785562267707107,4.35602230947859,446.487079102216,445.691060887117,447.104187178661,464.665991247792,21.1448383105348,21.5561126191109,17.1646449166918,16.9324374010344,-17.561804069131,11.7000717120167,0.536585365853659,-0.0392789970945034,-4.79150273077176,12.7703013383592,-18.35782228423,0.796018215099082,381.512223571435,-83.1537676763575,2.8421709430404e-13,367.139546626412,-0.785562267707107,-4.35602230947859
30,YEAR_2017_SHORT,55,6.54901282825326,-1.2543788929853,-2.2111089178933,-5.67192058476042,-3.46081166686711,-3.47290416867574,0.16254510442883,0,8.76012174614656,12.2209334130137,4098.1108386723,4095.14625612684,4174.85057167961,4244.49746961215,64.6130835951947,65.1498079015752,37.1430280466817,37.3813633978935,-69.6468979325365,-81.2943645435253,0.454545454545455,-0.0166824888069027,-57.6432596280388,12.0036383044973,-72.6114804780042,2.96458254546769,4386.27059132256,141.773121710412,2.77395884040743e-11,4415.61762360192,-8.76012174614656,-12.2209334130137
30,YEAR_2018_LONG,81,3.48316252680552,-4.05060179371919,-1.14703218671313,-4.71256860846362,-3.56553642175049,-3.59096276444746,0.132871625271909,0,4.63019471351865,8.19573113526914,1648.25016655187,1646.84440728775,1669.68886963696,1714.01441612937,40.8618265577662,41.4006571944138,29.4805964820573,29.6521693273883,-44.3255464924055,-26.1569763474987,0.481481481481481,-0.0265471892988321,-31.5948416487737,12.7307048436317,-45.7313057565239,1.40575926411861,1710.40278870825,-3.6116274211156,3.41060513164848e-12,1725.34929758442,-4.63019471351865,-8.19573113526914
30,YEAR_2018_SHORT,128,16.2276876985828,18.1547622835993,1.06775430457947,-2.46087773211795,-3.52863203669742,-3.57825085423171,0.148331022171195,0,15.1599333940034,18.6885654307008,3728.57860969912,3727.05328534902,3958.40219020974,4076.3157632066,62.9158341771746,63.84603169506,45.4652948249294,46.5235655834582,-117.913572996867,-128.282904169078,0.34375,-0.0297881739476857,-105.440326854322,12.4732461425457,-119.438897346966,1.5253243500988,4046.830070927,-29.4856922796071,1.25055521493778e-11,4105.63251480745,-15.1599333940034,-18.6885654307008
30,YEAR_2019_LONG,105,12.9248624007296,12.8925651593326,-0.970118189103569,-1.59861234139343,-0.628494152289858,-0.631568217619885,0.0206724420823945,0,13.8949805898331,14.523474742123,2109.33599857054,2109.35681745407,2302.40648416238,2320.28813603916,47.983398005585,48.1693692717598,36.9169032364544,37.1373872379818,-17.8816518767736,-19.414349868121,0.323809523809524,-0.00776650517611751,-17.4862196274494,0.395432249324198,-17.860832993245,-0.020818883528591,2291.18009494283,-29.1080410963218,1.76214598468505e-12,2322.41245056416,-13.8949805898331,-14.523474742123
30,YEAR_2019_SHORT,96,-6.03466456680984,-4.04249393950007,1.62352731932943,0.997980407162388,-0.62554691216704,-0.62999255659813,0.0220606870258552,0,-7.65819188613926,-7.03264497397222,3639.72995573187,3639.82484023099,3698.3778586968,3689.28293556093,60.8142899218333,60.7394676924397,47.746395598489,47.7081638040553,9.09492313587132,5.23897070465014,0.53125,0.00245916547290712,9.48671874910522,0.391795613233771,9.18980763499247,-0.0948844991207807,3689.7708264524,0.48789089146976,1.98951966012828e-12,3677.1502585093,7.65819188613926,7.03264497397222
30,YEAR_2020_LONG,152,0.397218367951144,2.34762582917103,-0.725909230647252,0.907584249740381,1.63349348038763,1.6387909002883,0.0411087281866344,1,1.1231275985984,-0.510365881789237,2332.79895674746,2333.18719807997,2334.06037235019,2333.44767141327,48.3121141366241,48.3057726510328,38.2404407605082,38.1815937513957,0.612700936928339,6.3024049768836,0.519736842105263,0.000262504322590166,3.28269181493041,2.66999087800203,1.00094226943889,-0.388241332510461,2333.37332804395,-0.0743433693205588,4.9453774408903e-12,2335.78111916855,-1.1231275985984,0.510365881789237
30,YEAR_2020_SHORT,123,4.19823448868337,7.73418359454991,-0.212650436897586,1.4048223879054,1.61747282480298,1.62428917210367,0.0546429956096369,1,4.41088492558095,2.79341210077797,6880.06578900199,6879.94764795927,6899.52169482871,6887.75079912404,83.0633595204812,82.9924743523414,58.3652035945905,58.2031454327983,11.7708957046666,19.8075720769553,0.552845528455285,0.00170604517607199,14.3900999006113,2.61920419594533,11.6527546619445,0.118141042723437,6885.36600553892,-2.38479358512541,3.21733750752173e-11,6896.93061494698,-4.41088492558095,-2.79341210077797
60,POOLED,1107,7.02897976621146,3.17963302975732,1.21390194361881,5.50738582134229,4.29348387772348,6.45559327781375,4.89592727832811,0.705510388437218,5.81507782259265,1.52159394486917,9956.77651337342,9928.79833821686,9990.59164345623,9931.11358634993,99.9529471474265,99.6549727126044,65.9772874410988,65.8745951336853,59.4780571063041,17.5648848837927,0.514905149051491,0.00595340688809575,101.882164829253,42.4041077229488,31.4998819497464,27.9781751565588,9915.83331019224,-15.2802761576895,1.04591890703887e-10,9959.68577567333,-5.81507782259265,-1.52159394486917
60,YEAR_2016,326,3.07893897216616,5.41283881691724,7.91435696893008,5.11532504834767,-2.79903192058241,-2.82203455930892,0.270422004114731,0,-4.83541799676391,-2.0363860761815,19011.9859654836,19012.1826006827,19035.367232687,19016.329468934,137.968718312112,137.899708008879,88.2562882816841,88.1816770685725,19.037763753014,8.08975106299951,0.512269938650307,0.00100012589829751,26.9454715057634,7.90770775274867,19.2343989521624,-0.19663519914684,18687.1982295918,-329.131239342252,1.04591890703887e-10,18680.2776092873,4.83541799676391,2.0363860761815
60,YEAR_2017,96,1.46562211499197,-2.89433307877341,-6.67369965579274,0.279485857931694,6.95318551372444,6.97424035441185,0.32888704855555,1,8.13932177078471,1.18613625706028,2423.301912744,2426.03550737883,2489.55047163237,2427.44242659914,49.8953952948804,49.2690818526096,37.2942452452157,36.9328217554511,62.1080450332302,41.3279282058421,0.53125,0.0249474938310878,110.563000512205,48.4549554789749,64.841639668057,-2.73359463482711,2484.01911094897,56.5766843498336,5.45696821063757e-12,2512.65457871377,-8.13932177078471,-1.18613625706028
60,YEAR_2018,209,17.507880910609,8.56054908878967,-0.358589474164434,4.18931173632417,4.5479012104886,4.59833999427006,0.184409342598043,1,17.8664703847734,13.3185691742848,6214.83487694902,6219.42909687303,6534.04564095901,6396.81338172324,80.8334438271623,79.9800811560181,57.105667604824,56.7152811039279,137.232259235772,97.2795618104825,0.545454545454545,0.0210026477892234,157.949671461773,20.7174122260011,141.826479159776,-4.59421992400348,6677.74303289583,280.929651172596,3.54702933691442e-11,6822.53200911228,-17.8664703847734,-13.3185691742848
60,YEAR_2019,201,5.82020639952191,4.07603661021994,-0.311028605969553,6.55339290614217,6.86442151211172,6.90400197553158,0.234227852324929,1,6.13123500549146,-0.73318650662026,5547.98116138613,5549.83751551927,5585.57320407869,5550.37507797276,74.7366924882195,74.5008394447523,56.0995272761224,55.8676506379777,35.1981261059319,22.12915981315,0.527363184079602,0.0063016139651038,82.3732714886788,47.175145382747,37.0544802390739,-1.85635413314321,5629.62379725436,79.2487192815979,2.5465851649642e-11,5664.55448939802,-6.13123500549146,0.73318650662026
60,YEAR_2020,275,6.57322973312548,1.38002525767122,-1.6660138306503,8.03436861482476,9.70038244547506,9.75047677941574,0.288097407315917,1,8.23924356377578,-1.46113888169928,7665.7244407445,7666.32133793451,7733.60957524772,7668.45626476613,87.9409436795382,87.5697223060923,63.5417096800649,63.8091188042082,65.1533104815902,-36.5552570251689,0.48,0.00842469610699261,159.333730186173,94.1804197045828,65.7502076716072,-0.596897190018353,7705.93578095069,37.4795161845623,1.81898940354586e-11,7745.09880440995,-8.23924356377578,1.46113888169928
60,LONG,555,0.208940785277739,1.44691294712285,1.93245649634113,6.18369273243453,4.2512362360934,6.68296021089563,5.12846731294273,0.682882882882883,-1.72351571106339,-5.97475194715679,8641.82478953212,8523.2935131,8644.7952959384,8558.99117393005,92.9773913160528,92.5148159698221,56.7123281265223,56.6718024437777,85.8041220083499,11.3343364454295,0.508108108108108,0.00992552386389801,130.178308523346,44.3741865149957,-32.7271544237715,118.531276432122,8434.23454692078,-124.756627009267,1.04591890703887e-10,8496.72046723161,1.72351571106339,5.97475194715679
60,SHORT,552,13.8860841763894,9.02443955413834,0.491442203109961,4.82740332921151,4.33596112610155,4.79984986831028,4.6500282895786,0.728260869565217,13.3946419732794,9.05868084717788,11164.2856679661,11228.6334871028,11343.7021015584,11310.6931857938,106.506817160022,106.351742749208,75.2925997954284,75.1274030012555,33.0089157645734,26.6391941800617,0.521739130434783,0.00290988915867586,73.4322377455187,40.4233219809451,97.3567349013118,-64.3478191367376,11405.4842406554,94.7910548615619,4.52473614132032e-11,11430.6019825305,-13.3946419732794,-9.05868084717788
60,YEAR_2016_LONG,176,-10.7304956229707,5.03650448157478,12.9253571205421,10.0570635784798,-2.8682935420623,-2.85273219983969,0.233276888074666,0,-23.6558527435128,-20.7875592014505,16895.004069698,16892.6385873775,17454.6034387208,17324.7612049313,132.115871259742,131.6235587003,75.096001286567,74.778384096946,129.842233789408,63.6339179449757,0.551136363636364,0.00743885326557292,138.123759739355,8.28152594994609,127.476751468953,2.36548232046334,16776.0275923447,-548.733612586639,1.04591890703887e-10,16898.3274577034,23.6558527435128,20.7875592014505
60,YEAR_2016_SHORT,150,19.2820088971268,5.41283881691724,2.0347834577053,-0.682981493674033,-2.71776495137934,-2.77574010651984,0.287833407415545,0,17.2472254394215,19.9649903908008,20592.6632989159,20602.5020573924,20890.1300842741,21001.1028986971,144.534183099619,144.917572773964,103.697691689288,103.908207488614,-110.972814423022,-48.5554472544273,0.466666666666667,-0.00531221270405402,-103.503720021651,7.46909440137037,-101.134055946542,-9.83875847648233,20929.6384439616,-71.4644547355056,4.52473614132032e-11,20771.099120479,-17.2472254394215,-19.9649903908008
60,YEAR_2017_LONG,41,-4.84897406971952,-8.54858744466003,-8.785676012262,-1.70785326580274,7.07782274645926,7.04875785788994,0.294792146194561,1,3.93670194254248,-3.14112080391678,1056.68043545594,1058.11452661976,1072.17805764035,1067.98116652456,32.7441301249606,32.6799811279713,25.6973794653179,26.4330418451822,4.19689111579537,-96.9323457745673,0.463414634146341,0.00391436019967791,54.3793683555494,50.182477239754,5.63098227961894,-1.4340911638235,1003.51091529589,-64.4702512286639,9.09494701772928e-13,980.5855917611,-3.93670194254248,3.14112080391678
60,YEAR_2017_SHORT,55,6.17286654359509,10.511544440619,-5.0993172809702,1.76095684107918,6.86027412204939,6.88434658265381,0.322188609932124,1,11.2721838245653,4.4119097025159,3419.07505206981,3421.39405506795,3546.1371802446,3440.8590022911,59.5494515528447,58.6588356711169,45.9391815538667,44.7599304158334,105.2781779535,101.990825722769,0.581818181818182,0.0296881289703062,152.44534448353,47.1671665300305,107.597180951637,-2.31900299813742,3587.67067498127,146.811672690169,5.45696821063757e-12,3654.74236898757,-11.2721838245653,-4.4119097025159
60,YEAR_2018_LONG,81,2.04522244016576,-7.98772655093427,-2.71949667820514,1.8573955365993,4.57689221480444,4.60954503845063,0.170554762175494,1,4.7647191183709,0.18782690356646,5022.47937744044,5026.70131625453,5045.18192571741,5026.73659520024,71.0294440758015,70.8994823337959,47.7749506662264,48.2702766150852,18.4453305171684,-65.0487093826725,0.444444444444444,0.00365602881893015,39.4223617900062,20.9770312728382,22.6672693312658,-4.22193881409657,5170.93253127923,144.195936078995,3.54702933691442e-11,5200.17550228056,-4.7647191183709,-0.18782690356646
60,YEAR_2018_SHORT,128,27.2928444739363,22.1121883407355,1.13542211589258,5.66497745646256,4.52955534056999,4.59325643332696,0.190395547843044,1,26.1574223580438,21.6278670174738,6792.00646634325,6796.05046646929,7476.21721076034,7263.81509819482,86.4651213539907,85.2280182697851,63.0102619175303,62.0593855070237,212.402112565514,181.047809712302,0.609375,0.028410372060861,232.955234613439,20.5531220479245,216.446112691558,-4.04400012604492,7631.27155345009,367.456455255266,2.31921148952097e-11,7849.17948609172,-26.1574223580438,-21.6278670174738
60,YEAR_2019_LONG,105,11.5675900565166,2.47818522664423,-2.9684454414788,3.91138481244876,6.87983025392756,6.91348060307244,0.226291512725836,1,14.5360354979954,7.65620524406782,5002.26081182229,5005.52595570434,5213.55713982127,5064.14343444363,72.2049661714571,71.1627952967253,51.187685983449,50.9139203405663,149.413705377643,32.4412555480037,0.523809523809524,0.0286586876043648,196.796977549232,47.3832721715887,152.67884925969,-3.26514388204578,5218.02656353315,153.88312908952,2.5465851649642e-11,5281.40337193847,-14.5360354979954,-7.65620524406782
60,YEAR_2019_SHORT,96,-0.465994475316007,5.48724034612147,2.59552105786869,9.44308925861934,6.84756820075065,6.8962325820242,0.241487978002541,1,-3.06151553318469,-9.90908373393535,5983.09289700032,5984.00099763661,5992.46577436025,6082.19093808275,77.4110184299383,77.988402587069,61.4718536899838,61.2857931507715,-89.7251637225027,17.5931195035998,0.53125,-0.0149729956083198,-42.7776570150515,46.9475067074513,-88.8170630862109,-0.908100636293057,6079.80827163693,-2.38266644581836,6.82121026329696e-12,6083.6260241194,3.06151553318469,9.90908373393535
60,YEAR_2020_LONG,152,5.41498242593965,3.67079185936703,-2.04059722995692,7.7025251106248,9.74312234058172,9.77471928957561,0.245196796189873,1,7.45557965589657,-2.28754268468515,4719.47122675354,4721.04462746545,4775.05689475896,4726.2774789997,69.1017864802276,68.7479270887472,52.3708900886814,52.3174078815808,48.7794157592601,-14.8807599793015,0.493421052631579,0.0102154627336063,143.767970171665,94.9885544124044,50.3528164711622,-1.57340071190174,4740.37529971471,14.0978207150038,3.63797880709171e-12,4773.74110366629,-7.45557965589657,2.28754268468515
60,YEAR_2020_SHORT,123,8.00455973875351,-7.84443624701758,-1.20311402012504,8.44445164440521,9.64756566453024,9.68822239592462,0.325923181006036,1,9.20767375887855,-0.439891905651699,11304.9259406148,11304.1259748083,11389.7071966647,11304.319479697,106.722571167793,106.321773309595,77.3462997442137,78.0102575053413,85.3877169677217,-162.466995585496,0.463414634146341,0.0074969194109508,178.569466139062,93.18174917134,84.5877511612827,0.799965806434557,11370.6934488195,66.373969122551,1.81898940354586e-11,11417.0205158981,-9.20767375887855,0.439891905651699
120,POOLED,1107,11.816544763934,3.69167158889572,-0.168570245264236,13.3875218677276,13.5560921129918,14.1532704564498,5.06030425596338,1,11.9851150091982,-1.57097710379358,20645.4444468451,20671.7742513369,20789.0874286288,20674.2422203975,144.18421352086,143.785403363476,96.3123325799065,96.6294406098298,114.845208231295,-79.5655127431826,0.485094850948509,0.0055243025277358,324.219520770135,209.374312538839,141.175012723065,-26.3298044917719,20513.2431778155,-160.999042582051,1.25510268844664e-10,20562.0242749683,-11.9851150091982,1.57097710379358
120,YEAR_2016,326,15.6974384876328,7.62813901419302,8.10626979654904,15.0345882893524,6.92831849280335,6.98292037893239,0.669381914061621,1,7.59116869108375,0.662850198280403,40019.3821528811,40037.8611492839,40077.0079949776,40038.3005196692,200.192427416667,200.095728389362,130.493241057452,131.122247955661,38.7074753083886,-135.169659399219,0.460122699386503,0.00096582747178231,87.1571445929839,48.4496692845937,57.1864717111298,-18.4789964027368,39232.5553366395,-805.745183029772,1.25510268844664e-10,39058.3937487588,-7.59116869108375,-0.662850198280403
120,YEAR_2017,96,-6.78061893992781,-9.73676107071221,-11.6906440473747,6.26024192816676,17.9508859755414,18.0041606220308,0.849021338470003,1,4.91002510744687,-13.0408608680946,5429.96509286334,5452.67188746216,5454.0734394191,5622.73593964316,73.8516989609521,74.9849047451763,53.030456229505,55.2342323123085,-168.662500224061,-353.524446893842,0.4375,-0.0309241344286015,154.292644316006,322.955144540068,-145.955705625242,-22.7067945988192,5399.89408121115,-222.841858432006,2.36468622460961e-11,5355.84480668955,-4.91002510744687,13.0408608680946
120,YEAR_2018,209,21.8548605870247,3.85665124006174,-1.53972162896356,10.8174749777104,12.357196606674,12.4943127060343,0.501026092305876,1,23.3945822159882,11.0373856093142,12175.7817482516,12186.3804348251,12723.0882253123,12308.2043159138,112.796667616168,110.942346810917,82.195643369658,82.1259972184233,414.883909398496,30.9578986394561,0.507177033492823,0.0326087426300397,567.835244519662,152.951335121166,425.482595971935,-10.5986865734412,12826.4546137327,518.250297818944,3.54702933691442e-11,13147.1020426635,-23.3945822159882,-11.0373856093142
120,YEAR_2019,201,7.62328251719182,-0.100708585606402,-1.30776918440299,13.4219641001878,14.7297332845908,14.8146653751429,0.502608091079678,1,8.93105170159481,-5.79868158299596,11259.7247948343,11265.109149318,11339.4884793309,11298.733857419,106.487034324987,106.295502526772,81.6547696935879,81.7256623265189,40.7546219119095,-51.3025076152082,0.497512437810945,0.00359404412167226,257.972279440309,217.2176575284,46.1389763955831,-5.38435448367272,11425.6661806693,126.932323250343,2.18278728425503e-11,11515.5149363543,-8.93105170159481,5.79868158299596
120,YEAR_2020,275,9.14379591380355,7.62331771005154,-4.08103985496779,15.8511296205902,19.932169475558,20.0351024021186,0.591977314334483,1,13.2248357687713,-6.70733370678662,16139.5091861959,16139.2200781638,16314.4054673069,16184.208403618,127.727857052825,127.217170238997,92.343758583727,92.1064002664503,130.19706368887,50.6345255069115,0.505454545454545,0.00798049698775583,527.838880831921,397.641817143051,129.907955656778,0.289108032096919,16082.4342171503,-101.774186467752,9.09494701772928e-11,16191.2748353762,-13.2248357687713,6.70733370678662
120,LONG,555,4.79809052218444,4.26297961730882,3.89722643406011,17.5896666408695,13.6924402068094,14.3952059080154,5.19967818800199,1,0.90086408812433,-12.7915761186851,15333.0396797186,15185.9259018151,15333.8512358239,15349.5503214152,123.82992867568,123.893302165271,80.9760872195011,81.3310897177545,-15.6990855913207,-132.843821081151,0.472072072072072,-0.00102381882736957,198.820486484515,214.519572075835,-162.812863494843,147.113777903523,15076.516994418,-273.033326997214,1.21872290037572e-10,15184.3945686044,-0.90086408812433,12.7915761186851
120,SHORT,552,18.8731427787365,2.44368660824279,-4.25646364567187,9.16253935125328,13.4190029969251,12.9875435242776,4.91237704205497,1,23.1296064244084,9.71060342748322,25738.9929508727,25933.5768433832,26273.9716442207,26027.8726623091,162.092478678749,161.331561271529,111.731927099879,112.010934713275,246.098981911642,-19.2467729569344,0.498188405797101,0.00936664563866097,450.300071546437,204.201089634795,440.682874422184,-194.583892510545,25979.5167861227,-48.3558761863751,1.25510268844664e-10,25968.8802297364,-23.1296064244084,-9.71060342748322
120,YEAR_2016_LONG,176,-4.30017408624855,10.3877990540746,23.8580179685063,30.9584657553543,7.10044778684798,7.0614021462779,0.577799643166296,1,-28.1581920547549,-35.2586398416028,27675.3313809506,27696.8460137402,28468.215160743,28940.0176972201,168.72526533019,170.117658393302,104.53060438919,105.79639582758,-471.802536477058,-266.158185034021,0.414772727272727,-0.0165729580801982,-421.052325275659,50.7502112013975,-450.287903687403,-21.5146327896546,27712.5319907468,-1227.48570647328,1.21872290037572e-10,27826.2383111519,28.1581920547549,35.2586398416028
120,YEAR_2016_SHORT,150,39.1613039076536,1.48747422333729,-10.3757813918808,-3.64942793742317,6.72635345445765,6.86926621988363,0.711713407617744,1,49.5370852995344,42.8107318450767,51244.0687671728,51227.5269368985,53697.9915871462,53060.2856980095,231.728271014018,230.348183622119,160.956068081547,160.837914452608,637.705889136646,46.6617956926765,0.513333333333333,0.0118757866037078,683.456255905525,45.7503667688773,621.164058862279,16.5418302743637,52749.3827291535,-310.902968856048,1.25510268844664e-10,52237.4561288842,-49.5370852995344,-42.8107318450767
120,YEAR_2017_LONG,41,-9.65798549831106,-9.11648527989861,-10.0474523102255,8.22540169987608,18.2728540101016,18.1982849616514,0.761031019722999,1,0.389466811914468,-17.8833871981871,2466.85568294756,2491.26913947584,2467.00736734514,2811.08467715612,49.6689779172588,53.0196631180935,39.2242650849927,41.1907586571873,-344.077309810978,-218.978848451157,0.439024390243902,-0.13947153720147,-9.60094792351089,334.476361887467,-319.663853282701,-24.4134565282761,2474.71273361401,-336.371943542113,2.72848410531878e-12,2399.63239659305,-0.389466811914468,17.8833871981871
120,YEAR_2017_SHORT,55,-4.6356729600421,-12.9114125202157,-12.9155687968859,4.79530464380163,17.7108734406875,17.7725809719728,0.831602469470493,1,8.27989583684375,-9.43097760384374,7612.2387453507,7629.75081493294,7680.79542041968,7718.69415349714,87.6401473094362,87.856099125201,63.322344173596,65.7030035824897,-37.8987330774501,-457.384413662115,0.436363636363636,-0.00493421983050023,276.467867621828,314.366600699279,-20.3866634952197,-17.5120695822316,7580.4838130563,-138.210340440836,2.36468622460961e-11,7559.56678512513,-8.27989583684375,9.43097760384374
120,YEAR_2018_LONG,81,-4.36872542682392,-21.9723821590678,-4.35174162505779,8.08413709966923,12.435878724727,12.5246601112701,0.463374531168461,1,-0.0169838017661296,-12.4528625264931,8667.83810701061,8675.61489502567,8667.83839546014,8830.6886801294,93.1012266055616,93.9717440517595,63.6673788473766,66.4072165396916,-162.850284669268,-509.774893901948,0.395061728395062,-0.0187878773506625,-7.98448905701476,154.865795612254,-155.073496654215,-7.77678801505317,8964.21724935656,133.528569227154,3.54702933691442e-11,8949.25362609485,0.0169838017661296,12.4528625264931
120,YEAR_2018_SHORT,128,38.4494736114132,22.2991881896512,0.239759774814826,12.5471653536584,12.3074055788435,12.4804561487676,0.517308911097426,1,38.2097138365984,25.9023082577549,13829.3187767908,13837.8901061038,15289.3010082655,14508.8196791835,123.649913094452,120.452561945288,93.9205607626642,92.0730381166832,780.481329082002,471.987133267729,0.578125,0.0510475481292485,932.221169673652,151.73984059165,789.052658394984,-8.57132931297929,15270.526695877,761.707016693434,2.00088834390044e-11,15803.5529937734,-38.2097138365984,-25.9023082577549
120,YEAR_2019_LONG,105,21.4829839627758,12.0031828664668,-6.03997673151701,8.72282076056713,14.7627974920841,14.8350046936615,0.485578226968874,1,27.5229606942928,12.7601632022087,9961.52006372736,9972.79141143564,10719.0334291069,10135.6131763826,103.532765002713,100.675782472165,78.2943261359697,76.4317171048021,583.420252724313,334.92049545812,0.561904761904762,0.0544284385885081,801.596228731104,218.175976006792,594.691600432586,-11.2713477082725,10770.0802451278,634.467068745116,2.18278728425503e-11,10985.7953154219,-27.5229606942928,-12.7601632022087
120,YEAR_2019_SHORT,96,-7.53576593891566,-14.7511418464974,3.86808282025296,18.5616521278979,14.6935693076449,14.7979937453566,0.518186929683212,1,-11.4038487591686,-26.0974180668135,11888.0634239914,11889.8218725485,12018.1111905134,12570.8971023025,109.627146229907,112.120012050938,85.3302548347327,87.5159149127716,-552.785911789156,-878.202479088046,0.427083333333333,-0.0459960723466683,-336.616415096498,216.169496692658,-551.027463232053,-1.75844855710056,12142.7132976679,-428.183804634564,1.63709046319127e-11,12094.8957717492,11.4038487591686,26.0974180668135
120,YEAR_2020_LONG,152,12.5914587362115,9.52551786683853,-4.19352841049695,15.8264622244248,20.0199906349217,20.0849154712152,0.503825918616243,1,16.7849871467084,-3.23500348821331,10054.7171370233,10060.4405109882,10336.4529305384,10070.9057585569,101.668347731919,100.353902557683,76.0406923350436,75.1674551778665,265.547171981495,140.864726775691,0.526315789473684,0.0256903575884288,666.601037560118,401.053865578623,271.270545946415,-5.72337396492185,10076.5661612901,5.66040273312683,1.36424205265939e-11,10218.0135705226,-16.7849871467084,3.23500348821331
120,YEAR_2020_SHORT,123,4.8832694991206,3.45346198351248,-3.94202960748461,15.8816129069084,19.823642514393,19.907183226837,0.669701026360627,1,8.82529910660521,-10.9983434077878,23623.9080637078,23617.8952690673,23701.7939680288,23738.8588267829,153.953869610442,154.074199095056,112.490637199986,113.03908037592,-37.0648587540495,-160.682348034236,0.479674796747967,-0.00156379971929745,356.360443249108,393.425302003158,-43.0776533945825,6.01279464053005,23504.3199447173,-234.538882065575,9.09494701772928e-11,23572.8659919434,-8.82529910660521,10.9983434077878
240,POOLED,1107,0.932908176302312,-1.10656562269495,2.66747049400511,10.8839503255392,8.2164798315341,6.3641325684378,5.47565241362057,1,-1.7345623177028,-9.9510421492369,42608.7633083892,42624.5138740164,42611.7720148232,42723.5371138722,206.426190234726,206.69672739033,145.474012338861,145.580709806898,-111.765099049052,-49.0487473078031,0.483288166214995,-0.0026228690750099,-14.2717888722565,97.4933101767955,-96.0145334218948,-15.7505656271533,40333.1353869722,-2390.40172690005,1.54614099301398e-10,40701.9484033086,1.7345623177028,9.9510421492369
240,YEAR_2016,326,-19.2728118608082,-19.4711763486388,18.8491008857218,25.0228276888924,6.17372680317056,6.22160090321565,0.59633431299953,1,-38.12191274653,-44.2956395497006,73692.7189497475,73705.7615348447,75145.9991812015,75667.8652179617,274.127705971508,275.077925719171,192.088378699814,193.590899477382,-521.866036760209,-580.00162750077,0.386503067484663,-0.00694469489322805,-483.395519507162,38.4705172530472,-508.823451662951,-13.0425850972679,67997.9038966435,-7669.96132131827,1.54614099301398e-10,68870.876880633,38.12191274653,44.2956395497006
240,YEAR_2017,96,2.94006796113091,-4.06093089106107,-21.2242741971187,-15.8251973006011,5.39907689651759,5.4157219843657,0.255831763204022,1,24.1643421582496,18.765265261732,15454.4470699942,15461.7336217216,16038.3625019351,15813.8688020647,126.642656723298,125.753205931558,88.6223747358625,87.6416736683455,224.493699870386,159.832683801709,0.59375,0.0139972955370786,253.70918109596,29.2154812255741,231.780251597793,-7.286551727404,14376.4222569666,-1437.44654509817,2.81943357549608e-11,14420.8903406713,-24.1643421582496,-18.765265261732
240,YEAR_2018,209,22.2655227517553,0.581619977816361,-1.35131097005872,0.957348796231575,2.3086597662903,2.33428952921622,0.0935958613754597,1,23.616833721814,21.3081739555237,36261.014205337,36260.8505835164,36818.7690403808,36714.8888608352,191.882174889646,191.611296276695,139.776757599507,139.834629018447,103.880179545581,-28.0669823741455,0.488038277511962,0.00282139197624044,109.218849647335,5.33867010175419,103.716557724953,0.163621820625849,36734.55578084,19.6669200047691,1.08229869510978e-10,37145.3035967055,-23.616833721814,-21.3081739555237
240,YEAR_2019,201,5.00012059856385,8.35678349108915,0.507606203562803,7.01843814605957,6.51083194249677,6.5483994457818,0.22235160078626,1,4.49251439500105,-2.01831754749572,25454.8850869944,25460.0928294362,25475.0677725836,25464.1664351587,159.609109303271,159.574955538639,123.383035459141,123.142285255167,10.9013374249236,124.031693942395,0.522388059701492,0.000427921822318197,53.3417102427321,42.4403728178085,16.1090798667625,-5.20774244183485,25554.0417564005,89.8753212417469,3.09228198602796e-11,25620.7014929583,-4.49251439500105,2.01831754749572
240,YEAR_2020,275,4.99963999306682,13.8437480378051,-3.54178757502583,13.8164296686558,17.3582172436816,17.4478022213351,0.515587711383342,1,8.54142756809265,-8.81678967558895,30175.5594166368,30167.3220148032,30248.5154015378,30245.0577949868,173.921003336394,173.91106288844,130.537599137284,129.660272921109,3.45760655103455,243.038660688364,0.527272727272727,0.000114306652909609,305.031143118009,301.573536566975,-4.77979528259871,8.23740183363407,30136.1567824422,-108.901012544586,5.82076609134674e-11,30209.5130722756,-8.54142756809265,8.81678967558895
240,LONG,555,-5.65830094430044,6.64274063973957,17.5670959661429,26.3283174507975,8.76122148465459,6.5112809034828,5.51482233236794,1,-23.2253969104434,-31.9866183950979,34052.3617652804,33807.0601562153,34591.780826928,34830.2039125689,185.988657791082,186.628518486776,129.032188686327,128.83600650798,-238.423085640899,-81.4199845274283,0.472072072072072,-0.0068924779222496,-131.250818380141,107.172267260757,-483.724694705986,245.301609065085,31353.7518867957,-3476.45202577321,1.54614099301398e-10,31931.9038406948,23.2253969104434,31.9866183950979
240,SHORT,552,7.55993908560399,-10.1434031084657,-12.3131312035248,-4.64435357757376,7.668777625951,6.174678303807,5.38066908375871,1,19.8730702891288,12.2042926631778,50280.4111886315,50510.8241057741,50675.3501113482,50659.7688651826,225.111861329758,225.077250883297,162.005193728637,162.416416928094,15.5812461655759,-29.7623380971303,0.494565217391304,0.00030747189967784,103.342996230779,87.7617500652035,245.994163308158,-230.412917142574,49361.3198844322,-1298.4489807504,1.23691279441118e-10,49519.6562515889,-19.8730702891288,-12.2042926631778
240,YEAR_2016_LONG,176,-41.3503110853761,-13.0272142481997,63.5203818799816,69.8480912829434,6.32770940296183,6.2925771300518,0.514571149174099,1,-104.870692965358,-111.19840236832,55094.5003862704,55090.1241493155,66092.3626293047,67455.2088385822,257.084349250017,259.721406200148,177.994170267344,180.808857066044,-1362.84620927754,-912.046232009836,0.284090909090909,-0.0206203282052633,-1322.54151952165,40.3046897558939,-1367.22244623237,4.37623695480579,55908.6852063763,-11546.5236322059,1.54614099301398e-10,57488.290256304,104.870692965358,111.19840236832
240,YEAR_2016_SHORT,150,6.63145389601814,-29.0727652898382,-33.565202147543,-27.5721482614609,5.99305388608214,6.12187326296138,0.633819086876956,1,40.1966560435612,34.203602157479,84153.1615783428,84134.1623025532,85768.9327354271,85304.0487031003,292.863334569944,292.068568495654,208.625583260578,208.588495906685,464.884032326793,4.27816276235668,0.506666666666667,0.00542019140847687,501.202453843166,36.3184215163738,445.884756537259,18.9992757895379,82182.5871598903,-3121.46154321007,1.23691279441118e-10,82226.4451865124,-40.1966560435612,-34.203602157479
240,YEAR_2017_LONG,41,-2.97090861507817,1.68548597593521,-7.39877964507263,-1.90205681069276,5.49672283437987,5.4730474902474,0.229473923776056,1,4.42787102999446,-1.06885180438541,7176.59578397155,7184.77114959335,7196.20182582982,7185.91359377309,84.8304298340508,84.7697681592506,62.2934524892642,61.1382264381421,10.2882320567292,140.362178364299,0.609756097560976,0.00142967530729905,40.5548522564149,30.2666201996862,18.4635976785263,-8.17536562179612,6598.16446945246,-587.749124320626,2.00088834390044e-11,6591.23382448623,-4.42787102999446,1.06885180438541
240,YEAR_2017_SHORT,55,7.34643231794131,-15.9284963253992,-31.5305519540985,-26.2042656658056,5.32628628829299,5.3455726819959,0.250158498876071,1,38.8769842720398,33.5506979837469,21118.3714634888,21119.9678948673,22629.7913695772,22245.617230064,150.432015773163,149.149647100032,108.249389501509,107.398788876315,384.174139513293,182.873976982962,0.581818181818182,0.0169764773010574,412.606044412712,28.4319048994178,385.770570891837,-1.59643137853709,20174.7598803862,-2070.8573496778,2.81943357549608e-11,20257.5433800092,-38.8769842720398,-33.5506979837469
240,YEAR_2018_LONG,81,-16.6034934577232,-19.7599105069712,-0.303499040036866,2.01980727642836,2.32330631646522,2.33988080016529,0.0865781038512603,1,-16.2999944176863,-18.6233007341515,24518.3851756752,24519.0950821565,24784.0749936918,24865.9224123911,157.42958741511,157.689322442552,117.572286354811,118.007220629134,-81.8474186993227,-79.350792050171,0.407407407407407,-0.00330241974817116,-76.4421706911284,5.40524800819368,-81.1375122180439,-0.709906481279177,24967.9822530761,102.059840684953,3.72892827726901e-11,24769.0588535786,16.2999944176863,18.6233007341515
240,YEAR_2018_SHORT,128,46.8623220718159,10.4142008855379,-2.01437945702568,0.285011789232051,2.29939124625773,2.33177780579331,0.0966367785513158,1,48.8767015288416,46.5773102825839,42045.5419144618,42043.6171083312,44434.4738668012,44213.0629414913,210.794862050291,210.269025159416,153.828024559041,153.647285889809,221.410925309933,41.6336386322242,0.5390625,0.00498286366512732,226.70746408027,5.29653877033545,219.486119179373,1.9248061305625,44180.5905913781,-32.4723501131593,1.08229869510978e-10,44977.1459732154,-48.8767015288416,-46.5773102825839
240,YEAR_2019_LONG,105,23.9425355498764,34.1251292404521,-5.48837968367298,1.03717449561861,6.52555417929159,6.55750199193293,0.21482089042642,1,29.4309152335494,22.9053610542578,22479.8022111718,22492.37448414,23345.9809826562,23017.0300491659,152.793916706969,151.713644901063,117.92732581532,116.447443184247,328.950933490315,443.143049377098,0.619047619047619,0.0140902596354676,371.57993885215,42.6290053618335,341.52320645846,-12.5722729681438,23581.9100063081,564.879957142206,3.09228198602796e-11,23821.8493305537,-29.4309152335494,-22.9053610542578
240,YEAR_2019_SHORT,96,-15.7181457544343,-16.5404706004568,7.06571576772694,13.5604452637294,6.49472949600243,6.5405472721497,0.229226408899615,1,-22.7838615221612,-29.2785910181637,27284.6521032058,27283.4859653295,27803.7564490668,28140.7218573384,166.744584466983,167.751965286069,129.35021788207,130.464768770236,-336.965408271599,-249.75975359883,0.416666666666667,-0.0121194202261439,-294.731352298818,42.234055972781,-338.131546147875,1.16613787628012,27711.060858064,-429.660999274387,2.95585778076202e-11,27588.1960455884,22.7838615221612,29.2785910181637
240,YEAR_2020_LONG,152,20.3290902466856,25.3376583585574,-3.45812957362375,13.9765048500153,17.4346344236391,17.4911869212472,0.438870222519404,1,23.7872198203093,6.35258539667023,17936.1430657235,17940.5399743997,18501.9748925032,17980.8953156217,136.021964742843,134.092860792891,104.119307871388,101.245993941023,521.079576881478,633.082965085903,0.585526315789474,0.0281634571395194,825.238661439633,304.159084558156,525.476485557729,-4.39690867625177,18370.8673976338,389.97208201214,2.91038304567337e-11,18594.9935054221,-23.7872198203093,-6.35258539667023
240,YEAR_2020_SHORT,123,-13.9440708894539,-27.9008226428124,-3.64516982066092,13.618613184374,17.2637830050349,17.3360647106533,0.583253105411876,1,-10.298901068793,-27.5626840738279,44658.4980982583,44641.0692242632,44764.565461483,45400.7707776168,211.576382097537,213.074566238246,163.184593221968,164.773853449344,-636.205316133741,-1219.9037557089,0.455284552845528,-0.0142122526952965,-337.826928303835,298.378387829905,-653.634190128862,17.4288739951153,44675.376184807,-725.394592809818,5.82076609134674e-11,44562.4153012328,10.298901068793,27.5626840738279
