year,horizon,n,enhanced_indicator_raw_coefficient_bp,indicator_training_prevalence,centered_indicator_term_at_event_bp,centered_intercept_difference_bp,mean_total_prediction_adjustment_bp,mean_shared_feature_refit_remainder_bp,shared_feature_refit_remainder_sd_bp,shared_standardized_coefficient_change_l2,interpretation
2016,1,326,-0.132430113185067,0.0579462761656635,-0.124756281273795,0,-0.115449206507294,0.0093070747665014,0.011156036455929,0.010884992712165,identity_defined_remainder_not_independent_causal_indicator_effect
2016,5,326,-8.21133442717469,0.0579462761656635,-7.735518174769,0,-7.15843263426459,0.577085540504414,0.691730483484303,0.674924405388358,identity_defined_remainder_not_independent_causal_indicator_effect
2016,15,326,-4.12078821515971,0.0579462761656635,-3.88200388322385,0,-3.59239842195075,0.289605461273105,0.347139049041219,0.338705061949954,identity_defined_remainder_not_independent_causal_indicator_effect
2016,30,326,-9.32103170418278,0.0579462761656635,-8.7809126269033,0,-8.12583851358188,0.655074113321415,0.785212418820621,0.766135131426624,identity_defined_remainder_not_independent_causal_indicator_effect
2016,60,326,-3.21029348373513,0.0578616352201258,-3.0245406532297,0,-2.79903192058241,0.225508732647292,0.270422004114731,0.263789766674182,identity_defined_remainder_not_independent_causal_indicator_effect
2016,120,326,7.9453933007525,0.0577769790637074,7.486332478362,0,6.92831849280335,-0.558013985558652,0.669381914061621,0.653603222383203,identity_defined_remainder_not_independent_causal_indicator_effect
2016,240,326,7.07930853798924,0.0576923076923077,6.67088689156678,0,6.17372680317056,-0.497160088396222,0.59633431299953,0.583100799094961,identity_defined_remainder_not_independent_causal_indicator_effect
2017,1,96,-0.015649133459078,0.030350389147626,-0.0151741761687718,0,-0.0150318318591747,0.000142344309597198,0.000710993145959798,0.000906517659539408,identity_defined_remainder_not_independent_causal_indicator_effect
2017,5,96,-6.71424363322647,0.0303541842508362,-6.51043824487851,0,-6.44939059634795,0.0610476485305625,0.305049145606326,0.388954028434661,identity_defined_remainder_not_independent_causal_indicator_effect
2017,15,96,-0.886668352481215,0.0303636761624816,-0.859745841762954,0,-0.851692257375107,0.00805358438784669,0.0402835141135795,0.0513689116104299,identity_defined_remainder_not_independent_causal_indicator_effect
2017,30,96,-3.65168733060424,0.0303779251658115,-3.5407566461462,0,-3.50764066031585,0.0331159858303486,0.165904510612125,0.21159165611805,identity_defined_remainder_not_independent_causal_indicator_effect
2017,60,96,7.23878692403194,0.0304064633306194,7.0186810148682,0,6.95318551372444,-0.0654955011437596,0.32888704855555,0.419558958676014,identity_defined_remainder_not_independent_causal_indicator_effect
2017,120,96,18.6884564873407,0.0304637008219866,18.1191369400856,0,17.9508859755414,-0.168250964544205,0.849021338470003,1.08380517799718,identity_defined_remainder_not_independent_causal_indicator_effect
2017,240,96,5.62207166453951,0.0305788247149965,5.45015532057441,0,5.39907689651759,-0.0510784240568151,0.255831763204022,0.326445564121546,identity_defined_remainder_not_independent_causal_indicator_effect
2018,1,209,0.0215311733142134,0.01499522176626,0.021208308595479,0,0.0205149046995264,-0.000693403895952638,0.000831895593822794,0.000839131799145237,identity_defined_remainder_not_independent_causal_indicator_effect
2018,5,209,-6.4223729434745,0.0149960647627614,-6.32606262288355,0,-6.11923774069122,0.206824882192333,0.24813998136413,0.250304455245634,identity_defined_remainder_not_independent_causal_indicator_effect
2018,15,209,-1.27735517853529,0.014998172668747,-1.2581971850083,0,-1.21706419676756,0.0411329882407421,0.0493528649381093,0.049786453226911,identity_defined_remainder_not_independent_causal_indicator_effect
2018,30,209,-3.71844457255819,0.0150013356390681,-3.66266293746997,0,-3.54293469310555,0.119728244364425,0.143668186643085,0.144944167489883,identity_defined_remainder_not_independent_causal_indicator_effect
2018,60,209,4.77319403958149,0.0150076655836393,4.70155953966963,0,4.5479012104886,-0.153658329181029,0.184409342598043,0.186093256350842,identity_defined_remainder_not_independent_causal_indicator_effect
2018,120,209,12.9693619637556,0.0150203415121697,12.774557717865,0,12.357196606674,-0.417361111191075,0.501026092305876,0.505834898785462,identity_defined_remainder_not_independent_causal_indicator_effect
2018,240,209,2.42306537832161,0.0150457577167675,2.3866085237075,0,2.3086597662903,-0.0779487574171971,0.0935958613754597,0.0945705175707715,identity_defined_remainder_not_independent_causal_indicator_effect
2019,1,201,0.152434535875278,0.0131119240412676,0.150435825819615,0,0.146574918860428,-0.00386090695918787,0.00500143069431315,0.00520652104643358,identity_defined_remainder_not_independent_causal_indicator_effect
2019,5,201,-5.33291000631743,0.0131119240412676,-5.26298529539568,0,-5.12791177522595,0.135073520169733,0.174974651527976,0.182149721040553,identity_defined_remainder_not_independent_causal_indicator_effect
2019,15,201,-0.0876003907842091,0.0131119240412676,-0.0864517811142612,0,-0.0842330125362333,0.00221876857802793,0.00287419960828591,0.00299206000578769,identity_defined_remainder_not_independent_causal_indicator_effect
2019,30,201,-0.652155516399508,0.0131119240412676,-0.643604502805384,0,-0.627086515216274,0.0165179875891103,0.0213974516893928,0.0222748828025469,identity_defined_remainder_not_independent_causal_indicator_effect
2019,60,201,7.13884009205838,0.0131119240412676,7.04523616302855,0,6.86442151211172,-0.18081465091683,0.234227852324929,0.243832678552819,identity_defined_remainder_not_independent_causal_indicator_effect
2019,120,201,15.3185829762681,0.0131119240412676,15.1177268798634,0,14.7297332845908,-0.387993595272653,0.502608091079678,0.523218207799948,identity_defined_remainder_not_independent_causal_indicator_effect
2019,240,201,6.77146521876975,0.0131116184364781,6.68268035056536,0,6.51083194249677,-0.17184840806859,0.22235160078626,0.231377299958499,identity_defined_remainder_not_independent_causal_indicator_effect
2020,1,275,0.346454863486109,0.0118175126416181,0.342360628757112,0,0.333860045757253,-0.00850058299985834,0.00991550736578491,0.010146410093876,identity_defined_remainder_not_independent_causal_indicator_effect
2020,5,275,-4.26520676207827,0.0118175126416181,-4.21480262724829,0,-4.1101519269297,0.104650700318593,0.12206983801709,0.124912482127572,identity_defined_remainder_not_independent_causal_indicator_effect
2020,15,275,0.656551663155821,0.0118175126416181,0.648792855576602,0,0.632683767511873,-0.0161090880647288,0.0187904501802461,0.0192280239773924,identity_defined_remainder_not_independent_causal_indicator_effect
2020,30,275,1.68768084154228,0.0118175126416181,1.66773665186234,0,1.62632787807159,-0.0414087737907484,0.048301275516883,0.0494260688205135,identity_defined_remainder_not_independent_causal_indicator_effect
2020,60,275,10.0663278479081,0.0118175126416181,9.94736889131077,0,9.70038244547506,-0.246986445835714,0.288097407315917,0.294806340590962,identity_defined_remainder_not_independent_causal_indicator_effect
2020,120,275,20.6841074348184,0.0118175126416181,20.4396727337268,0,19.932169475558,-0.50750325816888,0.591977314334483,0.60576270844549,identity_defined_remainder_not_independent_causal_indicator_effect
2020,240,275,18.0130561938582,0.011816129497094,17.8002115892331,0,17.3582172436816,-0.441994345551548,0.515587711383342,0.527663869917972,identity_defined_remainder_not_independent_causal_indicator_effect
