DGP_ASSUMED,method,family,family_size,repetitions,joint_rejections,joint_rejection_rate,MC95_lo,MC95_hi,severe_size_warning,complete_quantification_fraction,shared_calendar_and_pair_shocks
IID_GAUSSIAN,GRAPH_T_BASELINE,INDEX_ALL_FROZEN_PAIRS,14,2000,7,0.0035,0.0016964316970424177,0.007207196253241745,False,1.0,True
IID_GAUSSIAN,GRAPH_T_BASELINE,ETF_OBSERVED_ENDPOINTS,14,2000,10,0.005,0.0027181808584985597,0.009179695949941846,False,1.0,True
IID_GAUSSIAN,GRAPH_T_BASELINE,COMBINED_28,28,2000,2,0.001,0.0002742789176520342,0.003638934269038394,False,1.0,True
IID_GAUSSIAN,EXPOSURE_SCORE_HAC6,INDEX_ALL_FROZEN_PAIRS,14,2000,2,0.001,0.0002742789176520342,0.003638934269038394,False,1.0,True
IID_GAUSSIAN,EXPOSURE_SCORE_HAC6,ETF_OBSERVED_ENDPOINTS,14,2000,3,0.0015,0.0005102635836384819,0.004401032555770693,False,1.0,True
IID_GAUSSIAN,EXPOSURE_SCORE_HAC6,COMBINED_28,28,2000,1,0.0005,8.826773070546787e-05,0.0028268625032662133,False,1.0,True
IID_GAUSSIAN,FIVE_YEAR_GROUP_T,INDEX_ALL_FROZEN_PAIRS,14,2000,16,0.008,0.0049302968532159265,0.012956077671536958,False,1.0,True
IID_GAUSSIAN,FIVE_YEAR_GROUP_T,ETF_OBSERVED_ENDPOINTS,14,2000,23,0.0115,0.007675227286212753,0.01719772790757136,False,1.0,True
IID_GAUSSIAN,FIVE_YEAR_GROUP_T,COMBINED_28,28,2000,15,0.0075,0.004550377435809225,0.012337914136224913,False,1.0,True
IID_GAUSSIAN,ORACLE_MEAN_NORMAL_REFERENCE,INDEX_ALL_FROZEN_PAIRS,14,2000,11,0.0055,0.003073897009543817,0.009822062751615332,False,1.0,True
IID_GAUSSIAN,ORACLE_MEAN_NORMAL_REFERENCE,ETF_OBSERVED_ENDPOINTS,14,2000,16,0.008,0.0049302968532159265,0.012956077671536958,False,1.0,True
IID_GAUSSIAN,ORACLE_MEAN_NORMAL_REFERENCE,COMBINED_28,28,2000,9,0.0045,0.0023692806369618345,0.008530513218759823,False,1.0,True
BLOCK_GAUSSIAN_RHO0,GRAPH_T_BASELINE,INDEX_ALL_FROZEN_PAIRS,14,2000,34,0.017,0.012190680521843938,0.023661187151846397,False,1.0,True
BLOCK_GAUSSIAN_RHO0,GRAPH_T_BASELINE,ETF_OBSERVED_ENDPOINTS,14,2000,39,0.0195,0.014297256348690845,0.026545026088593226,False,1.0,True
BLOCK_GAUSSIAN_RHO0,GRAPH_T_BASELINE,COMBINED_28,28,2000,22,0.011,0.007275425411318251,0.016599446829747115,False,1.0,True
BLOCK_GAUSSIAN_RHO0,EXPOSURE_SCORE_HAC6,INDEX_ALL_FROZEN_PAIRS,14,2000,18,0.009,0.005700499728577407,0.014182040701612969,False,1.0,True
BLOCK_GAUSSIAN_RHO0,EXPOSURE_SCORE_HAC6,ETF_OBSERVED_ENDPOINTS,14,2000,18,0.009,0.005700499728577407,0.014182040701612969,False,1.0,True
BLOCK_GAUSSIAN_RHO0,EXPOSURE_SCORE_HAC6,COMBINED_28,28,2000,12,0.006,0.003435594376936234,0.010458448336941664,False,1.0,True
BLOCK_GAUSSIAN_RHO0,FIVE_YEAR_GROUP_T,INDEX_ALL_FROZEN_PAIRS,14,2000,31,0.0155,0.010940972933704062,0.021916645881830028,False,1.0,True
BLOCK_GAUSSIAN_RHO0,FIVE_YEAR_GROUP_T,ETF_OBSERVED_ENDPOINTS,14,2000,41,0.0205,0.01514715886374858,0.02769128947897298,False,1.0,True
BLOCK_GAUSSIAN_RHO0,FIVE_YEAR_GROUP_T,COMBINED_28,28,2000,27,0.0135,0.009294493997659236,0.019570793006999862,False,1.0,True
BLOCK_GAUSSIAN_RHO0,ORACLE_MEAN_NORMAL_REFERENCE,INDEX_ALL_FROZEN_PAIRS,14,2000,25,0.0125,0.008481081388571086,0.018388039710650523,False,1.0,True
BLOCK_GAUSSIAN_RHO0,ORACLE_MEAN_NORMAL_REFERENCE,ETF_OBSERVED_ENDPOINTS,14,2000,33,0.0165,0.01177282360725337,0.023080961113718216,False,1.0,True
BLOCK_GAUSSIAN_RHO0,ORACLE_MEAN_NORMAL_REFERENCE,COMBINED_28,28,2000,16,0.008,0.0049302968532159265,0.012956077671536958,False,1.0,True
BLOCK_GAUSSIAN_RHO06,GRAPH_T_BASELINE,INDEX_ALL_FROZEN_PAIRS,14,2000,219,0.1095,0.09655586386639291,0.12394135006026562,True,1.0,True
BLOCK_GAUSSIAN_RHO06,GRAPH_T_BASELINE,ETF_OBSERVED_ENDPOINTS,14,2000,235,0.1175,0.10411507285054655,0.13235146831961192,True,1.0,True
BLOCK_GAUSSIAN_RHO06,GRAPH_T_BASELINE,COMBINED_28,28,2000,178,0.089,0.07729578599356494,0.10228002687162495,True,1.0,True
BLOCK_GAUSSIAN_RHO06,EXPOSURE_SCORE_HAC6,INDEX_ALL_FROZEN_PAIRS,14,2000,43,0.0215,0.016000780509074646,0.028833833739084404,False,1.0,True
BLOCK_GAUSSIAN_RHO06,EXPOSURE_SCORE_HAC6,ETF_OBSERVED_ENDPOINTS,14,2000,48,0.024,0.018149556703294482,0.03167547230845831,False,1.0,True
BLOCK_GAUSSIAN_RHO06,EXPOSURE_SCORE_HAC6,COMBINED_28,28,2000,28,0.014,0.009703783146220175,0.020159586811157672,False,1.0,True
BLOCK_GAUSSIAN_RHO06,FIVE_YEAR_GROUP_T,INDEX_ALL_FROZEN_PAIRS,14,2000,34,0.017,0.012190680521843938,0.023661187151846397,False,1.0,True
BLOCK_GAUSSIAN_RHO06,FIVE_YEAR_GROUP_T,ETF_OBSERVED_ENDPOINTS,14,2000,35,0.0175,0.012609752959581211,0.024240197666827872,False,1.0,True
BLOCK_GAUSSIAN_RHO06,FIVE_YEAR_GROUP_T,COMBINED_28,28,2000,24,0.012,0.008077154276022635,0.017793883870480226,False,1.0,True
BLOCK_GAUSSIAN_RHO06,ORACLE_MEAN_NORMAL_REFERENCE,INDEX_ALL_FROZEN_PAIRS,14,2000,19,0.0095,0.006090240228609851,0.014790383154299275,False,1.0,True
BLOCK_GAUSSIAN_RHO06,ORACLE_MEAN_NORMAL_REFERENCE,ETF_OBSERVED_ENDPOINTS,14,2000,24,0.012,0.008077154276022635,0.017793883870480226,False,1.0,True
BLOCK_GAUSSIAN_RHO06,ORACLE_MEAN_NORMAL_REFERENCE,COMBINED_28,28,2000,9,0.0045,0.0023692806369618345,0.008530513218759823,False,1.0,True
BLOCK_GAUSSIAN_RHO09,GRAPH_T_BASELINE,INDEX_ALL_FROZEN_PAIRS,14,2000,748,0.374,0.35305463871866954,0.39542845719620606,True,1.0,True
BLOCK_GAUSSIAN_RHO09,GRAPH_T_BASELINE,ETF_OBSERVED_ENDPOINTS,14,2000,772,0.386,0.3649019856224632,0.4075351011576624,True,1.0,True
BLOCK_GAUSSIAN_RHO09,GRAPH_T_BASELINE,COMBINED_28,28,2000,691,0.3455,0.3249733802642623,0.36661898734564474,True,1.0,True
BLOCK_GAUSSIAN_RHO09,EXPOSURE_SCORE_HAC6,INDEX_ALL_FROZEN_PAIRS,14,2000,198,0.099,0.08666951249362448,0.11286795942594038,True,1.0,True
BLOCK_GAUSSIAN_RHO09,EXPOSURE_SCORE_HAC6,ETF_OBSERVED_ENDPOINTS,14,2000,207,0.1035,0.09090135668779638,0.11761886180623717,True,1.0,True
BLOCK_GAUSSIAN_RHO09,EXPOSURE_SCORE_HAC6,COMBINED_28,28,2000,168,0.084,0.0726261614635203,0.09696882187448214,False,1.0,True
BLOCK_GAUSSIAN_RHO09,FIVE_YEAR_GROUP_T,INDEX_ALL_FROZEN_PAIRS,14,2000,87,0.0435,0.03540128785854411,0.0533489763092398,False,1.0,True
BLOCK_GAUSSIAN_RHO09,FIVE_YEAR_GROUP_T,ETF_OBSERVED_ENDPOINTS,14,2000,102,0.051,0.04218996991731548,0.06153153854124964,False,1.0,True
BLOCK_GAUSSIAN_RHO09,FIVE_YEAR_GROUP_T,COMBINED_28,28,2000,57,0.0285,0.022062516054529094,0.03674525953169242,False,1.0,True
BLOCK_GAUSSIAN_RHO09,ORACLE_MEAN_NORMAL_REFERENCE,INDEX_ALL_FROZEN_PAIRS,14,2000,20,0.01,0.006482767876552687,0.015395938459075187,False,1.0,True
BLOCK_GAUSSIAN_RHO09,ORACLE_MEAN_NORMAL_REFERENCE,ETF_OBSERVED_ENDPOINTS,14,2000,25,0.0125,0.008481081388571086,0.018388039710650523,False,1.0,True
BLOCK_GAUSSIAN_RHO09,ORACLE_MEAN_NORMAL_REFERENCE,COMBINED_28,28,2000,12,0.006,0.003435594376936234,0.010458448336941664,False,1.0,True
BLOCK_T5_RHO06,GRAPH_T_BASELINE,INDEX_ALL_FROZEN_PAIRS,14,2000,223,0.1115,0.0984436045333179,0.1260459412042156,True,1.0,True
BLOCK_T5_RHO06,GRAPH_T_BASELINE,ETF_OBSERVED_ENDPOINTS,14,2000,236,0.118,0.10458823578198477,0.13287638834089244,True,1.0,True
BLOCK_T5_RHO06,GRAPH_T_BASELINE,COMBINED_28,28,2000,183,0.0915,0.07963506675642809,0.10493116087235554,True,1.0,True
BLOCK_T5_RHO06,EXPOSURE_SCORE_HAC6,INDEX_ALL_FROZEN_PAIRS,14,2000,38,0.019,0.013873784918301425,0.025970414566263898,False,1.0,True
BLOCK_T5_RHO06,EXPOSURE_SCORE_HAC6,ETF_OBSERVED_ENDPOINTS,14,2000,43,0.0215,0.016000780509074646,0.028833833739084404,False,1.0,True
BLOCK_T5_RHO06,EXPOSURE_SCORE_HAC6,COMBINED_28,28,2000,31,0.0155,0.010940972933704062,0.021916645881830028,False,1.0,True
BLOCK_T5_RHO06,FIVE_YEAR_GROUP_T,INDEX_ALL_FROZEN_PAIRS,14,2000,45,0.0225,0.01685787548400037,0.02997290466959618,False,1.0,True
BLOCK_T5_RHO06,FIVE_YEAR_GROUP_T,ETF_OBSERVED_ENDPOINTS,14,2000,50,0.025,0.019014423503992475,0.032806771413197815,False,1.0,True
BLOCK_T5_RHO06,FIVE_YEAR_GROUP_T,COMBINED_28,28,2000,35,0.0175,0.012609752959581211,0.024240197666827872,False,1.0,True
BLOCK_T5_RHO06,ORACLE_MEAN_NORMAL_REFERENCE,INDEX_ALL_FROZEN_PAIRS,14,2000,22,0.011,0.007275425411318251,0.016599446829747115,False,1.0,True
BLOCK_T5_RHO06,ORACLE_MEAN_NORMAL_REFERENCE,ETF_OBSERVED_ENDPOINTS,14,2000,24,0.012,0.008077154276022635,0.017793883870480226,False,1.0,True
BLOCK_T5_RHO06,ORACLE_MEAN_NORMAL_REFERENCE,COMBINED_28,28,2000,10,0.005,0.0027181808584985597,0.009179695949941846,False,1.0,True
HETEROSKEDASTIC_BLOCK_RHO06,GRAPH_T_BASELINE,INDEX_ALL_FROZEN_PAIRS,14,2000,254,0.127,0.11311861187744655,0.14231150539436807,True,1.0,True
HETEROSKEDASTIC_BLOCK_RHO06,GRAPH_T_BASELINE,ETF_OBSERVED_ENDPOINTS,14,2000,267,0.1335,0.119294433627455,0.14911076202970336,True,1.0,True
HETEROSKEDASTIC_BLOCK_RHO06,GRAPH_T_BASELINE,COMBINED_28,28,2000,200,0.1,0.08760922541834984,0.11392441240665252,True,1.0,True
HETEROSKEDASTIC_BLOCK_RHO06,EXPOSURE_SCORE_HAC6,INDEX_ALL_FROZEN_PAIRS,14,2000,28,0.014,0.009703783146220175,0.020159586811157672,False,1.0,True
HETEROSKEDASTIC_BLOCK_RHO06,EXPOSURE_SCORE_HAC6,ETF_OBSERVED_ENDPOINTS,14,2000,32,0.016,0.011356235350080627,0.02249946641817221,False,1.0,True
HETEROSKEDASTIC_BLOCK_RHO06,EXPOSURE_SCORE_HAC6,COMBINED_28,28,2000,18,0.009,0.005700499728577407,0.014182040701612969,False,1.0,True
HETEROSKEDASTIC_BLOCK_RHO06,FIVE_YEAR_GROUP_T,INDEX_ALL_FROZEN_PAIRS,14,2000,27,0.0135,0.009294493997659236,0.019570793006999862,False,1.0,True
HETEROSKEDASTIC_BLOCK_RHO06,FIVE_YEAR_GROUP_T,ETF_OBSERVED_ENDPOINTS,14,2000,34,0.017,0.012190680521843938,0.023661187151846397,False,1.0,True
HETEROSKEDASTIC_BLOCK_RHO06,FIVE_YEAR_GROUP_T,COMBINED_28,28,2000,21,0.0105,0.006877887380873443,0.015998901907473176,False,1.0,True
HETEROSKEDASTIC_BLOCK_RHO06,ORACLE_MEAN_NORMAL_REFERENCE,INDEX_ALL_FROZEN_PAIRS,14,2000,24,0.012,0.008077154276022635,0.017793883870480226,False,1.0,True
HETEROSKEDASTIC_BLOCK_RHO06,ORACLE_MEAN_NORMAL_REFERENCE,ETF_OBSERVED_ENDPOINTS,14,2000,27,0.0135,0.009294493997659236,0.019570793006999862,False,1.0,True
HETEROSKEDASTIC_BLOCK_RHO06,ORACLE_MEAN_NORMAL_REFERENCE,COMBINED_28,28,2000,15,0.0075,0.004550377435809225,0.012337914136224913,False,1.0,True
SIGNED_LEG_REUSE_RHO06,GRAPH_T_BASELINE,INDEX_ALL_FROZEN_PAIRS,14,2000,14,0.007,0.0041743460559210965,0.011715862563394297,False,1.0,True
SIGNED_LEG_REUSE_RHO06,GRAPH_T_BASELINE,ETF_OBSERVED_ENDPOINTS,14,2000,14,0.007,0.0041743460559210965,0.011715862563394297,False,1.0,True
SIGNED_LEG_REUSE_RHO06,GRAPH_T_BASELINE,COMBINED_28,28,2000,7,0.0035,0.0016964316970424177,0.007207196253241745,False,1.0,True
SIGNED_LEG_REUSE_RHO06,EXPOSURE_SCORE_HAC6,INDEX_ALL_FROZEN_PAIRS,14,2000,7,0.0035,0.0016964316970424177,0.007207196253241745,False,1.0,True
SIGNED_LEG_REUSE_RHO06,EXPOSURE_SCORE_HAC6,ETF_OBSERVED_ENDPOINTS,14,2000,7,0.0035,0.0016964316970424177,0.007207196253241745,False,1.0,True
SIGNED_LEG_REUSE_RHO06,EXPOSURE_SCORE_HAC6,COMBINED_28,28,2000,4,0.002,0.0007780273070510575,0.005131351785076866,False,1.0,True
SIGNED_LEG_REUSE_RHO06,FIVE_YEAR_GROUP_T,INDEX_ALL_FROZEN_PAIRS,14,2000,21,0.0105,0.006877887380873443,0.015998901907473176,False,1.0,True
SIGNED_LEG_REUSE_RHO06,FIVE_YEAR_GROUP_T,ETF_OBSERVED_ENDPOINTS,14,2000,26,0.013,0.008886895534737305,0.01898030851720305,False,1.0,True
SIGNED_LEG_REUSE_RHO06,FIVE_YEAR_GROUP_T,COMBINED_28,28,2000,13,0.0065,0.0038025964940741515,0.011089529172522494,False,1.0,True
SIGNED_LEG_REUSE_RHO06,ORACLE_MEAN_NORMAL_REFERENCE,INDEX_ALL_FROZEN_PAIRS,14,2000,17,0.0085,0.005313767739685552,0.013570689737786079,False,1.0,True
SIGNED_LEG_REUSE_RHO06,ORACLE_MEAN_NORMAL_REFERENCE,ETF_OBSERVED_ENDPOINTS,14,2000,21,0.0105,0.006877887380873443,0.015998901907473176,False,1.0,True
SIGNED_LEG_REUSE_RHO06,ORACLE_MEAN_NORMAL_REFERENCE,COMBINED_28,28,2000,9,0.0045,0.0023692806369618345,0.008530513218759823,False,1.0,True
