scope,horizon,group,n,target_mean_bp,target_median_bp,parent_mean_prediction_bp,enhanced_mean_prediction_bp,parent_mse_bp2,enhanced_mse_bp2,parent_rmse_bp,enhanced_rmse_bp,parent_mae_bp,enhanced_mae_bp,parent_mean_error_bp,enhanced_mean_error_bp,mean_loss_improvement_bp2,median_loss_improvement_bp2,relative_mse_reduction,positive_loss_improvement_fraction,zero_forecast_mse_bp2,past_mean_forecast_mse_bp2,outside_training_range_fraction,outside_background_range_fraction,no_past_background_stratum_fraction,nearest_background_distance_median,nearest_background_distance_p95
EVENT,1,POOLED,1107,0.764311568876449,0.965514486046537,0.0629783374491553,0.141100459559845,75.0046443647572,74.7546814521286,8.66052217621762,8.64607896402344,5.08090641457209,5.05835021857081,-0.701333231427293,-0.623211109316604,0.249962912628566,0.0382094025014697,0.00333263246223736,0.545618789521229,74.9348977036324,74.9824794141642,0.001806684733514,0.00993676603432701,0,0.458097537671475,1.40958501124435
EVENT,1,YEAR_2016,326,-0.0470297714648123,0.438334925298989,0.142955770851578,0.0275065643442844,145.825804843345,145.853114774945,12.0758355753689,12.0769662902132,7.05738212673913,7.06501383657081,0.18998554231639,0.0745363358090968,-0.0273099316007932,-0.0614492753826748,-0.000187277770420158,0.478527607361963,145.233885564541,145.242173755056,0.00306748466257669,0.00920245398773006,0,0.621184754740733,1.54329197794317
EVENT,1,YEAR_2017,96,0.966420778627866,0.949967732502,-0.0338814592271816,-0.0489132910863563,14.8399178171597,14.8710022194654,3.85226139003569,3.8562938450623,2.72096879023561,2.72592157047747,-1.00030223785505,-1.01533406971422,-0.0310844023056703,-0.0351963408867383,-0.00209464787397473,0.333333333333333,14.4359320294027,14.5368463473116,0,0,0,0.467236740229653,1.41000607836974
EVENT,1,YEAR_2018,209,0.681571922712894,0.685745634085855,0.0535537387008884,0.0740686434004147,23.2650745857677,23.2392221740878,4.82338828892799,4.82070764246161,3.49290081822341,3.48919596975889,-0.628018184012005,-0.607503279312479,0.0258524116799167,0.0229876023029409,0.00111121120994528,0.588516746411483,23.4327643806347,23.4810624965214,0,0.00956937799043062,0,0.445679194550528,1.78277097796815
EVENT,1,YEAR_2019,201,1.16663758791179,1.24850285462719,0.0466425210396947,0.193217439900122,42.9657964408364,42.6682694977773,6.55483000853847,6.53209533746847,4.47226063518117,4.43400928478919,-1.11999506687209,-0.973420148011666,0.297526943059113,0.350299499714064,0.00692473939052451,0.631840796019901,43.1755205953252,43.2266977116307,0,0.0248756218905473,0,0.372173724027016,1.26769081494195
EVENT,1,YEAR_2020,275,1.42438374719352,1.46483325090818,0.0210842917343475,0.354944337491601,74.7918950886362,73.9795677613379,8.64823074903973,8.60113758530451,5.21346605480589,5.14266504199175,-1.40329945545917,-1.06943940970192,0.812327327298331,0.878323788819668,0.0108611678623148,0.603636363636364,75.0731207048907,75.1454927861056,0.00363636363636364,0.00363636363636364,0,0.337473745842832,1.05564838201568
EVENT,1,LONG,555,0.586452205782915,0.87369469103038,0.0403962314596852,0.124390173062737,36.5686381450425,36.425143826676,6.04720085205069,6.03532466621937,3.83649587763511,3.82178343956195,-0.54605597432323,-0.462062032720178,0.143494318366526,0.0211411465921592,0.00392397216974261,0.527927927927928,36.4198888467346,36.4591450880956,0.0018018018018018,0.0144144144144144,0,0.434273406638449,1.10218912230033
EVENT,1,SHORT,552,0.943137558943317,1.11766458273377,0.0856831722755246,0.157901562831393,113.649541922622,113.292531782067,10.6606539162765,10.6438964567524,6.33208005225329,6.30163746920472,-0.857454386667792,-0.785235996111924,0.357010140555073,0.057704581232405,0.00314132494082697,0.563405797101449,113.65922726084,113.715179687657,0.00181159420289855,0.00543478260869565,0,0.486006139468778,1.61998755094267
EVENT,1,YEAR_2016_LONG,176,-0.0952757234616071,0.589140945483901,0.162272053820751,0.0439563781365057,56.0928149577845,56.0976640848724,7.48951366630601,7.48983738707807,4.27580049801949,4.29131661472045,0.257547777282358,0.139232101598113,-0.00484912708790862,-0.142570931354321,-8.64482749092232e-05,0.448863636363636,55.7778196991236,55.7914573705931,0.00568181818181818,0.0113636363636364,0,0.585347425715211,1.08803320148554
EVENT,1,YEAR_2016_SHORT,150,0.00957881221142699,-0.0348747352463263,0.120291332167748,0.00820544949474469,251.112512975735,251.166176917964,15.8465299979439,15.8482231470271,10.3211045711035,10.3194852435419,0.110712519956321,-0.00137336271668223,-0.0536639422292444,0.0688732696679097,-0.000213704771591328,0.513333333333333,250.195669513298,250.197680979491,0,0.00666666666666667,0,0.705407482944551,1.91730012774227
EVENT,1,YEAR_2017_LONG,41,0.838865455734311,0.7032843378596,-0.149683228749915,-0.164984277053845,5.85894920704979,5.8890931957454,2.42052663836815,2.42674539161928,1.92265875040572,1.92794218616291,-0.988548684484226,-1.00384973278816,-0.0301439886956039,-0.0291556481381131,-0.00514494794720766,0.317073170731707,4.95921176198638,5.04714823634306,0,0,0,0.385477741359812,1.08119713760397
EVENT,1,YEAR_2017_SHORT,55,1.06150747387579,1.63638103006347,0.0524434962352195,0.0376123529984987,21.5348216901507,21.5666071280566,4.64056264801486,4.6439861248777,3.3160726381088,3.32077892969379,-1.00906397764057,-1.02389512087729,-0.0317854379059017,-0.0495154087661605,-0.00147600190812969,0.345454545454545,21.5003962287494,21.6109849391245,0,0,0,0.494299319622868,1.73289425291414
EVENT,1,YEAR_2018_LONG,81,0.79598355187826,0.432423405141158,-0.00950560451828215,0.0111401828388727,18.1597559561961,18.1272456202912,4.26142651657823,4.25761031804124,2.98073793337945,2.97681108971692,-0.805489156396542,-0.784843369039387,0.032510335904903,0.018749780749743,0.00179024079306578,0.592592592592593,18.3243573727846,18.3805625773793,0,0.0123456790123457,0,0.410448963057415,1.23244641111344
EVENT,1,YEAR_2018_SHORT,128,0.609170813631686,0.833743771440631,0.0934584793317698,0.113890559849516,26.4957840310435,26.4741448370372,5.14740556310104,5.14530318222719,3.81700389378873,3.81343952666045,-0.515712334299916,-0.49528025378217,0.0216391940062926,0.029775768274981,0.000816703290642096,0.5859375,26.6654281902898,26.7087226016036,0,0.0078125,0,0.480479475704208,1.86951229369947
EVENT,1,YEAR_2019_LONG,105,1.62099185446814,1.46260535982323,0.00107015420589525,0.147974093520182,31.9030397877302,31.4569670124244,5.64827759478323,5.60865108670743,4.10816840524892,4.06450511301252,-1.61992170026225,-1.47301776094796,0.446072775305787,0.36597080414099,0.0139821402058794,0.647619047619048,31.9597817833737,32.0307062272235,0,0.0476190476190476,0,0.398086245819151,1.24092056521358
EVENT,1,YEAR_2019_SHORT,96,0.669687608865777,1.1749478843065,0.0964872972641629,0.242702350003182,55.0656865301713,54.930631591132,7.42062575058002,7.41152019434151,4.87048651166958,4.83815447266993,-0.573200311601614,-0.426985258862595,0.135054939039313,0.322166440132145,0.00245261518650686,0.614583333333333,55.4427349208971,55.4723133977011,0,0,0,0.333559655794488,1.29761862916012
EVENT,1,YEAR_2020_LONG,152,0.48142898310763,0.980500004714724,0.00430675750514103,0.339637790969959,35.2781737518154,35.0659519229864,5.93954322753992,5.92165111459518,4.11242013496415,4.07156394736854,-0.47712222560249,-0.141791192137671,0.212221828829007,0.590499582740763,0.0060156693575466,0.559210526315789,35.2155547776362,35.240435699687,0,0,0,0.308724513074633,0.992738803419285
EVENT,1,YEAR_2020_SHORT,123,2.58966117923462,1.91810007760918,0.041817504765562,0.373859744575256,123.621859667472,122.067938553447,11.1185367592805,11.0484360229603,6.57410816713064,6.46630216705459,-2.54784367446906,-2.21580143465936,1.55392111402465,1.1778703031565,0.0125699541990755,0.658536585365854,124.327998923937,124.459059266883,0.00813008130081301,0.00813008130081301,0,0.382032686062547,1.173881604943
NON_EVENT_CONTEXT,1,POOLED,134247,-0.0370945378577563,0,-0.0577838456270452,-0.0584079354369111,33.6104302998456,33.610370879974,5.79745032750136,5.79744520284357,2.67793592862703,2.67789142049226,-0.0206893077692889,-0.0213133975791548,5.94198716341493e-05,4.35927461261976e-06,1.76789975936398e-06,0.502990755845568,33.572903344047,33.5751554022715,,,,,
NON_EVENT_CONTEXT,1,YEAR_2016,20538,-0.109997800017821,-0.0326900897762439,-0.124572231301141,-0.120578608819652,30.1049039952971,30.1060673797441,5.4867935987512,5.4868996145131,2.78280482510252,2.78278944019483,-0.01457443128332,-0.0105808088018311,-0.00116338444693119,-5.85119051729548e-05,-3.8644350007111e-05,0.495179666958808,30.0922358856326,30.1075059317347,,,,,
NON_EVENT_CONTEXT,1,YEAR_2017,39067,-0.0223846280082755,-0.0139937839604976,-0.124668585457346,-0.124531278983946,10.746020628838,10.7459355786125,3.27811235756769,3.27809938510297,1.79680464956089,1.79679559386565,-0.102283957449071,-0.102146650975671,8.50502254919023e-05,-1.12669459352356e-06,7.91457865467748e-06,0.497990631479254,10.6766476968654,10.6769581232251,,,,,
NON_EVENT_CONTEXT,1,YEAR_2018,25949,0.00700794524500722,0.0448376875705758,-0.00416152527629061,-0.00461422140536593,35.7212413094719,35.7211735255221,5.97672496518552,5.97671929452288,2.7321794005383,2.73217147643852,-0.0111694705212978,-0.0116221666503732,6.77839497858109e-05,7.68228808878391e-06,1.8975810273103e-06,0.506801803537709,35.6954155878834,35.6970939917012,,,,,
NON_EVENT_CONTEXT,1,YEAR_2019,27467,-0.0461302654418113,0,0.0067656797559873,0.00403101623654879,41.4016520128786,41.4004099698457,6.43441155140691,6.43431503501699,3.16191484730029,3.1617373165971,0.0528959451977986,0.0501612816783601,0.00124204303292361,0.00013105050253574,2.99998423380909e-05,0.514544726398951,41.352146767922,41.3506140808907,,,,,
NON_EVENT_CONTEXT,1,YEAR_2020,21226,-0.0358515271316948,-0.0275681125783134,-0.0191397962796658,-0.023111686437228,66.4223341055274,66.422679260035,8.14998982241864,8.15001099754074,3.50561638993107,3.5056058617487,0.016711730852029,0.0127398406944669,-0.000345154507644147,1.1275216283045e-06,-5.19636222184872e-06,0.500141336097239,66.4205627377375,66.419391242451,,,,,
NON_EVENT_CONTEXT,1,LONG,62502,-0.0466690374535423,0.044377542700591,-0.046491855092497,-0.0468713215700121,39.3408617866124,39.3408663591342,6.27222941119124,6.27222977569653,2.65554797342534,2.6554870873563,0.000177182361045239,-0.000202284116469837,-4.57252179738109e-06,4.8602416234814e-06,-1.16228307867061e-07,0.503135899651211,39.282927423811,39.2844275045117,,,,,
NON_EVENT_CONTEXT,1,SHORT,71745,-0.0287535332757532,-0.0551915976321204,-0.0676210745961766,-0.0684582726019946,28.6182576218068,28.6181424537635,5.34960350136408,5.34959273718696,2.6974396149608,2.6974093747701,-0.0388675413204234,-0.0397047393262415,0.000115168043273393,4.0105979368323e-06,4.0242856429451e-06,0.502864311101819,28.5985089606975,28.6014161182209,,,,,
NON_EVENT_CONTEXT,1,YEAR_2016_LONG,10431,-0.126345731753512,0.0117250063902397,-0.0257881143003568,-0.021396620525183,23.1279295671231,23.1278790669973,4.80915060765652,4.80914535723317,2.70350484116243,2.70325614565437,0.100557617453155,0.104949111228329,5.05001257560287e-05,-6.43366803517592e-06,2.18351260594662e-06,0.499280989358643,23.0952598331584,23.1123425276976,,,,,
NON_EVENT_CONTEXT,1,YEAR_2016_SHORT,10107,-0.0931258027946109,-0.0790364775915542,-0.226523069773011,-0.222940073141371,37.3055392243743,37.3079554068798,6.10782606369683,6.10802385447862,2.86464692785101,2.86487233277933,-0.1333972669784,-0.12981427034676,-0.0024161825054748,-0.000147240402199329,-6.47673926101877e-05,0.490946868506975,37.3135139308843,37.3269132204962,,,,,
NON_EVENT_CONTEXT,1,YEAR_2017_LONG,15242,-0.0702946625069524,0.0579590548399622,-0.0981258853678992,-0.0979252533043123,11.1731411070509,11.1730460237679,3.34262488279061,3.34261065991357,1.83637265484398,1.8363610307291,-0.0278312228609469,-0.0276305907973599,9.50832830648527e-05,-2.15660241337879e-06,8.5099867758176e-06,0.495276210471067,11.0838971953702,11.0793331177249,,,,,
NON_EVENT_CONTEXT,1,YEAR_2017_SHORT,23825,0.00826572858474996,-0.059503337543898,-0.14164922909904,-0.141552435055677,10.4727710872253,10.47269245563,3.23616610933761,3.23615396043359,1.77149109084001,1.77148367828652,-0.14991495768379,-0.149818163640427,7.86315953333751e-05,-2.3323146602916e-07,7.50819383688039e-06,0.499727177334732,10.4161105780318,10.4195394593776,,,,,
NON_EVENT_CONTEXT,1,YEAR_2018_LONG,14631,-0.0540460073194018,0.0146031449332895,-0.0262941895911804,-0.0267558502018318,39.7656352937595,39.7655720376599,6.3059999440025,6.3059949284518,2.64235133774093,2.6423400108896,0.0277518177282214,0.02729015711757,6.32560996914041e-05,1.00530633834334e-05,1.59072272376548e-06,0.508099241336887,39.6870960283415,39.6845549395918,,,,,
NON_EVENT_CONTEXT,1,YEAR_2018_SHORT,11318,0.0859335840477876,0.0974807166431724,0.0244498028374356,0.0240086952690547,30.4929740905187,30.4929004533285,5.52204437600049,5.52203770843051,2.84830189451147,2.84829836921518,-0.0614837812103521,-0.061924888778733,7.36371901755675e-05,5.47997327474115e-06,2.41489039276566e-06,0.505124580314543,30.5352921982083,30.5424252226089,,,,,
NON_EVENT_CONTEXT,1,YEAR_2019_LONG,12711,0.0337512466790856,0.0711482979554035,-0.037782005249533,-0.0399428862778007,37.8174003621969,37.8167501284123,6.14958538132425,6.14953251299742,2.96964988217704,2.969540105562,-0.0715332519286186,-0.0736941329568863,0.000650233784569507,0.000105438022899307,1.71940370924384e-05,0.512862874675478,37.7591778254126,37.7611169807314,,,,,
NON_EVENT_CONTEXT,1,YEAR_2019_SHORT,14756,-0.114941183073196,-0.092901961117331,0.0451396038617862,0.0419106770429934,44.4891704956528,44.48741866085,6.67002027700462,6.66988895416183,3.32753425443513,3.32729835952656,0.160080786934983,0.15685186011619,0.00175183480276835,0.000154018452210636,3.9376656908674e-05,0.515993494171862,44.447174433159,44.4426510583998,,,,,
NON_EVENT_CONTEXT,1,YEAR_2020_LONG,9487,-0.0174796635940903,0.107275418910202,-0.0291183730696038,-0.0331619700038219,103.807959031478,103.809166203356,10.1886190934532,10.1886783344728,3.51843009980958,3.51848564004693,-0.0116387094755135,-0.0156823064097315,-0.0012071718772914,-1.48077064419105e-05,-1.16288952076715e-05,0.499314851902604,103.804711936549,103.804465725411,,,,,
NON_EVENT_CONTEXT,1,YEAR_2020_SHORT,11739,-0.0506989476429184,-0.137149941916714,-0.0110755013647546,-0.0149894409140763,36.2087363823401,36.2083848881736,6.01736955673657,6.01734035003618,3.49526085150212,3.49519692941074,0.0396234462781638,0.035709506728842,0.000351494166505563,4.4834394785781e-06,9.70744084516362e-06,0.500809268251129,36.2081576394219,36.2062383657291,,,,,
EVENT,5,POOLED,1107,-1.31400879617323,-0.255114127125644,0.0395438553876914,-5.73526488043002,1157.66384550812,1172.19105709749,34.0244595182366,34.237275842238,18.4704335732996,19.2990431633133,1.35355265156092,-4.42125608425679,-14.5272115893741,-31.2270041419018,-0.0125487304848824,0.425474254742547,1157.41227321786,1157.75220344814,0.001806684733514,0.00993676603432701,0,0.458097537671475,1.40958501124435
EVENT,5,YEAR_2016,326,-6.09164891635295,-4.18046333192146,0.417327461552227,-6.74110517271236,2472.8291808778,2443.46972607349,49.7275495161163,49.4314649395857,27.5151225216762,27.5575502397808,6.50897637790518,-0.649456256359414,29.3594548043106,2.42248833587086,0.0118728196154209,0.50920245398773,2474.81707242802,2475.4207847522,0.00306748466257669,0.00920245398773006,0,0.621184754740733,1.54329197794317
EVENT,5,YEAR_2017,96,-1.41848940333282,-0.517795598631299,-0.557293737571781,-7.00668433391973,180.485915763038,211.789360456619,13.4345046712946,14.5529845893074,8.48954647753081,10.1196212702313,0.861195665761042,-5.58819493058691,-31.3034446935817,-33.9511897707012,-0.173439819729094,0.354166666666667,180.029445906253,178.914857165901,0,0,0,0.467217754097415,1.40995917850618
EVENT,5,YEAR_2018,209,-0.910871981997443,0.935559529871011,-0.00197137642582889,-6.12120911711705,390.529669886777,416.459823075802,19.7618235465955,20.4073472816974,13.0962008986413,14.6605290412061,0.908900605571614,-5.2103371351196,-25.9301531890243,-53.7369340987323,-0.0663973961224049,0.37799043062201,389.72470630956,389.283258257224,0,0.00956937799043062,0,0.445667826587099,1.78272739456499
EVENT,5,YEAR_2019,201,0.487830524277034,0.445502990009672,-0.0241006130475504,-5.1520123882735,387.83326573403,418.93657334495,19.6934828238692,20.4679401343894,13.6339871112526,14.7624450144317,-0.511931137324585,-5.63984291255053,-31.1033076109196,-32.9774240425109,-0.0801976270706233,0.383084577114428,385.314132548549,385.560698163749,0,0.0248756218905473,0,0.372173724027016,1.26769081494195
EVENT,5,YEAR_2020,275,2.76277491252737,1.75963137214019,-0.121880963088745,-4.23203289001845,1085.41719519709,1125.33176959257,32.9456703558615,33.545965026998,18.8520224165654,19.5545227060516,-2.88465587561612,-6.99480780254582,-39.9145743954821,-31.8335346343055,-0.0367734863351179,0.418181818181818,1084.66032644611,1085.85740288461,0.00363636363636364,0.00363636363636364,0,0.337473745842832,1.05564838201568
EVENT,5,LONG,555,-0.104354358327572,0.531828770045095,-0.0389174681433506,-5.85203813714837,635.975980860345,666.027323063546,25.218564210921,25.8075051693019,13.8664367140541,15.3180413275349,0.0654368901842213,-5.7476837788208,-30.0513422032016,-46.6404104260284,-0.0472523225838626,0.371171171171171,630.330235737144,631.045497899274,0.0018018018018018,0.0144144144144144,0,0.434273406638449,1.10218912230033
EVENT,5,SHORT,552,-2.53023744292023,-2.35502814285971,0.118431599155315,-5.61785698644689,1682.18697028985,1681.10568099032,41.0144726930611,41.0012887723096,23.0994521546063,23.3016808786339,2.64866904207554,-3.08761954352667,1.08128929952861,-10.3711230157773,0.00064278782241578,0.480072463768116,1687.35888698923,1687.3214454402,0.00181159420289855,0.00543478260869565,0,0.486006139468778,1.61998755094267
EVENT,5,YEAR_2016_LONG,176,-4.06413926978072,-1.67531872202642,0.506794883855992,-6.82937328556024,1122.43408610545,1115.76618854357,33.5027474411495,33.4030865122307,16.7550286076544,17.7218276520173,4.57093415363671,-2.76523401577952,6.66789756188452,-33.266434106453,0.00594056937901855,0.443181818181818,1113.3689337104,1113.7725205468,0.00568181818181818,0.0113636363636364,0,0.585347425715211,1.08803320148554
EVENT,5,YEAR_2016_SHORT,150,-8.47059356833103,-8.32327976761915,0.31235235271581,-6.63753725363752,4057.29275874402,4001.30854344193,63.6968818604492,63.2558973016898,40.1402993807952,39.0981314094233,8.78294592104685,1.83305631469351,55.9842153020905,66.699020691236,0.0137984164887871,0.586666666666667,4072.24955519002,4073.08808141988,0,0.00666666666666667,0,0.705407482944551,1.91730012774227
EVENT,5,YEAR_2017_LONG,41,0.285945193017923,0.531828770045095,-1.07410530897553,-7.63900259095656,67.2453573391528,127.098871005971,8.20032666051498,11.273813507681,5.81750309959914,8.99811230367525,-1.36005050199345,-7.92494778397448,-59.8535136668183,-61.1690161298014,-0.89007652030082,0.24390243902439,55.8175036347412,56.3088749722518,0,0,0,0.385460913223838,1.08114875082041
EVENT,5,YEAR_2017_SHORT,55,-2.68906792061247,-2.86936301561402,-0.172034202525348,-6.53531981503773,264.901604769933,274.922270774375,16.2757981300437,16.5807801618131,10.4814333592617,10.9556552271186,2.51703371808712,-3.84625189442526,-10.0206660044417,-14.1722767469903,-0.0378278795749261,0.436363636363636,272.623802872288,270.312043892076,0,0,0,0.494282434021972,1.73282467702763
EVENT,5,YEAR_2018_LONG,81,1.45691386123303,2.15776804146639,-0.253618207204718,-6.41189608033966,263.924717148666,322.391915109245,16.2457599744877,17.955275411679,11.1573641110817,12.7531124657923,-1.71053206843775,-7.86880994157269,-58.4671979605791,-63.0878089225753,-0.221529830901155,0.382716049382716,257.930665538868,258.85203513728,0,0.0123456790123457,0,0.41043866670923,1.23241516726201
EVENT,5,YEAR_2018_SHORT,128,-2.40923646091673,0.841599562431128,0.157273883676437,-5.93725877320274,470.646866541363,475.987171085888,21.694397123252,21.8171302211333,14.3231210532688,15.8675660928351,2.56651034459317,-3.52802231228601,-5.34030454452486,-50.8484446217213,-0.0113467334517046,0.375,473.125622734763,471.821766637814,0,0.0078125,0,0.480467402810576,1.8694658003065
EVENT,5,YEAR_2019_LONG,105,3.00320655588563,2.21111749878489,-0.20585269815572,-5.34527522755949,343.442800203396,402.147755866496,18.5322098035662,20.0536220136537,12.4217704141727,14.503666407286,-3.20905925404135,-8.34848178344511,-58.7049556631004,-55.6638205369689,-0.170930808939171,0.285714285714286,338.745213503083,340.039491556528,0,0.0476190476190476,0,0.398086245819151,1.24092056521358
EVENT,5,YEAR_2019_SHORT,96,-2.26336201029486,-2.59916403353766,0.17469073003951,-4.94063115780445,436.385337408162,437.299342462009,20.8898381374333,20.9117034806352,14.9598491236838,15.0454841159973,2.43805274033437,-2.67726914750958,-0.914005053846923,-2.21942032503284,-0.00209449075277268,0.489583333333333,436.248887754527,435.349517890397,0,0,0,0.333559655794488,1.29761862916012
EVENT,5,YEAR_2020_LONG,152,1.39671959584212,3.41291968600999,-0.161836635659768,-4.29009789623861,626.459305668608,656.052644181085,25.0291690966482,25.613524634089,15.134456103839,16.1688262044864,-1.55855623150189,-5.68681749208074,-29.5933385124775,-43.9196640907486,-0.0472390436931787,0.375,625.863154773607,626.489884108179,0,0,0,0.308724513074633,0.992738803419285
EVENT,5,YEAR_2020_SHORT,123,4.45090831200833,0.618910364096337,-0.0725048473912217,-4.16027776038052,1652.58466843554,1705.25394083278,40.6519946427667,41.2947204958791,23.4460881038369,23.7384728543274,-4.52341315939955,-8.61118607238885,-52.6692723972439,-21.4549270657007,-0.0318708465612869,0.471544715447154,1651.62918900075,1653.5310846246,0.00813008130081301,0.00813008130081301,0,0.382032686062547,1.173881604943
NON_EVENT_CONTEXT,5,POOLED,134247,-0.211164896414831,-0.0601683812151421,-0.423216457714869,-0.314781556803363,238.303313664346,238.387668733502,15.4370759428185,15.439807924113,9.28029334976132,9.27879541386235,-0.212051561300038,-0.103616660388532,-0.084355069156429,-0.00307174115500564,-0.000353981939484216,0.497031591022518,237.176703333109,237.21908315479,,,,,
NON_EVENT_CONTEXT,5,YEAR_2016,20538,-0.670735715517036,-0.200646237620283,-0.748457547136668,-0.500832826575103,274.099601367573,274.691110693852,16.5559536532201,16.5738079720338,10.2108494297955,10.2041745302923,-0.077721831619631,0.169902888941934,-0.591509326279458,-0.0239925238520406,-0.00215800870679228,0.493232057649236,273.568598395052,273.637239085715,,,,,
NON_EVENT_CONTEXT,5,YEAR_2017,39067,-0.127811376708676,-0.104600185404369,-0.768739396541214,-0.709822998739622,110.553063068639,110.348228595844,10.5144216706692,10.5046765107662,6.89828019246537,6.89158589330011,-0.640928019832538,-0.582011622030947,0.20483447279483,0.00262076602887973,0.00185281589771635,0.502290936084163,108.148351798959,108.249871549112,,,,,
NON_EVENT_CONTEXT,5,YEAR_2018,25949,0.0101997646407016,0.322881336896064,-0.171395037289398,-0.036363766606332,238.498758341147,238.612546336184,15.4434050112385,15.4470886038821,9.75076398900008,9.75224574522354,-0.1815948019301,-0.0465635312470335,-0.113787995036673,-0.00379343362472749,-0.000477100995527779,0.497321669428494,237.844957282943,237.93364705431,,,,,
NON_EVENT_CONTEXT,5,YEAR_2019,27467,-0.215609580979721,-0.134134820823917,-0.106747735687358,-0.0110757518879836,274.727031553335,274.901916495366,16.5748916000478,16.580166359098,10.406504147525,10.4131093667068,0.108861845292362,0.204533829091737,-0.1748849420313,-0.0224473439376069,-0.000636577118176218,0.484071795245203,273.718113309348,273.671679810867,,,,,
NON_EVENT_CONTEXT,5,YEAR_2020,21226,-0.184773485429507,-0.16475315473663,-0.18994661322587,-0.141048662745964,391.422744079802,391.395514050056,19.7844065890236,19.7837184080763,10.7315546634595,10.7305015316094,-0.00517312779636277,0.0437248226835434,0.0272300297460229,0.00319657655055252,6.95668050920695e-05,0.507443701121266,391.341898802855,391.308332768879,,,,,
NON_EVENT_CONTEXT,5,LONG,62502,-0.249353189832932,0.266700212189219,-0.367751960244932,-0.246150502119123,267.788721018638,267.805520175082,16.3642513124994,16.3647645927181,9.23576981033995,9.22910115776576,-0.118398770412,0.00320268771380864,-0.0167991564434782,0.000960629851856942,-6.27328753040057e-05,0.501311958017343,266.375008772249,266.366139626488,,,,,
NON_EVENT_CONTEXT,5,SHORT,71745,-0.177896449621074,-0.370108638449995,-0.471535393123135,-0.374570785040513,212.616549005374,212.75975667271,14.5813767870313,14.5862865964134,9.31908086472285,9.32208749546454,-0.293638943502061,-0.196674335419439,-0.143207667335882,-0.00713967911885298,-0.000673549015849595,0.493302669175552,211.740052882803,211.827079201985,,,,,
NON_EVENT_CONTEXT,5,YEAR_2016_LONG,10431,-0.727592403741047,0.0111929815527212,-0.326739234509843,-0.0544444885828724,266.416085707512,266.601504741986,16.3222573716846,16.3279363283296,10.0102690114904,9.98222676147311,0.400853169231205,0.673147915158175,-0.185419034473145,0.00937038234214719,-0.000695975372436042,0.502923976608187,266.204314907973,266.278567642201,,,,,
NON_EVENT_CONTEXT,5,YEAR_2016_SHORT,10107,-0.612056372995551,-0.410455206225624,-1.18369487958056,-0.96153103114589,282.029427413886,283.040045064479,16.7937317893876,16.8237940151584,10.4178598526056,10.4332372765625,-0.571638506585008,-0.34947465815034,-1.01061765059247,-0.0919576954369177,-0.00358337659959651,0.483229444939151,281.168958645741,281.231807387614,,,,,
NON_EVENT_CONTEXT,5,YEAR_2017_LONG,15242,-0.359836766692163,0.187769902346702,-0.648590583476388,-0.56250839511132,112.97986501924,112.801668386531,10.629198700713,10.6208129814309,7.05572146936186,7.048037015548,-0.288753816784225,-0.202671628419157,0.178196632708972,8.24698855509329e-05,0.00157724239340007,0.500328040939509,110.214552114943,110.097451852242,,,,,
NON_EVENT_CONTEXT,5,YEAR_2017_SHORT,23825,0.0206264404635515,-0.301083376532674,-0.845604379069402,-0.804067245896079,109.000520977093,108.778644995019,10.4403314591584,10.4297001392667,6.79755742468126,6.79149657513421,-0.866230819532954,-0.824693686359631,0.221875982074522,0.00401118061287309,0.00203554973944708,0.503546694648478,106.826503940984,107.067885442908,,,,,
NON_EVENT_CONTEXT,5,YEAR_2018_LONG,14631,-0.289606244965626,0.289529576478209,-0.263278483607354,-0.125573339329809,246.18380047011,246.303289841731,15.6902453922847,15.6940526901668,9.43761010703481,9.43736058282915,0.0263277613582712,0.164032905635817,-0.119489371621321,0.000127895944248981,-0.000485366508247598,0.500307566126717,244.384911046969,244.301042593588,,,,,
NON_EVENT_CONTEXT,5,YEAR_2018_SHORT,11318,0.397764857992016,0.358952683149338,-0.0526155088322481,0.0789591931495607,228.564154048087,228.670571762084,15.118338336209,15.1218574177276,10.1555841380577,10.1593039543588,-0.450380366824264,-0.318805664842455,-0.106417713996737,-0.0128346750972098,-0.000465592316695185,0.493461742357307,229.390631119181,229.702390283222,,,,,
NON_EVENT_CONTEXT,5,YEAR_2019_LONG,12711,0.194974852139052,0.364196075499645,-0.289957560219678,-0.214359310833861,250.807583462382,250.887024948906,15.8369057414124,15.8394136554642,9.71509011667593,9.71936268107304,-0.48493241235873,-0.409334162972913,-0.0794414865240178,-0.0221000744904174,-0.000316742761232724,0.484304932735426,249.597200294681,249.721784732335,,,,,
NON_EVENT_CONTEXT,5,YEAR_2019_SHORT,14756,-0.56929206467264,-0.662727155505971,0.051071461902118,0.164035207569935,295.331538512138,295.588639621352,17.1852127863503,17.1926914594938,11.0020967028328,11.0107112995538,0.620363526574758,0.733327272242575,-0.257101109214349,-0.0229750459550805,-0.000870550807102077,0.483870967741935,294.496164632839,294.302414179477,,,,,
NON_EVENT_CONTEXT,5,YEAR_2020_LONG,9487,-0.0792685870180803,0.696596606832856,-0.22699697998292,-0.177216247181525,574.088222873414,573.990607006627,23.9601382064757,23.9581010726357,10.9332220978079,10.9271267309238,-0.14772839296484,-0.0979476601634448,0.0976158667868961,0.0229645710676252,0.000170036351378577,0.525455887003268,573.846077755684,573.856561484939,,,,,
NON_EVENT_CONTEXT,5,YEAR_2020_SHORT,11739,-0.270038411848215,-0.946326103976602,-0.160003958023201,-0.111819437638189,243.799658866836,243.829311913673,15.6140852715372,15.615034803473,10.5685749420468,10.5715967470539,0.110034453825014,0.158218974210026,-0.0296530468368858,-0.00282498098059136,-0.000121628746220459,0.492886958003237,243.849169803324,243.780004476073,,,,,
EVENT,15,POOLED,1107,0.371672222530645,0.151996893735795,1.19158275280044,-0.0281042922243067,2901.02149818885,2892.79055369208,53.8611316088778,53.7846683887898,32.8496296932548,32.7399728204977,0.819910530269792,-0.399776514754952,8.23094449676861,0.838083627106341,0.00283725732536189,0.514905149051491,2917.75642891372,2922.11662596958,0.001806684733514,0.00993676603432701,0,0.458097537671475,1.40958501124435
EVENT,15,YEAR_2016,326,-2.29991491791173,-7.44067701410001,4.0294403740034,0.437041952052655,5917.63104907491,5885.5618018403,76.9261402195308,76.7174152447819,46.7783677142323,46.4058049158793,6.32935529191513,2.73695686996438,32.0692472346136,44.7595153603955,0.00541927115236884,0.558282208588957,5948.11495932409,5956.69092957961,0.00306748466257669,0.00920245398773006,0,0.621184754740733,1.54329197794317
EVENT,15,YEAR_2017,96,-0.896485872631213,-1.86553609741846,-1.41229484019349,-2.2639870975686,544.052688506409,545.645016725205,23.3249370525712,23.3590457152086,16.4961238775963,16.4583184938119,-0.515808967562278,-1.36750122493739,-1.59232821879609,1.44247858274481,-0.00292679046062161,0.520833333333333,558.615374169803,557.831001925812,0,0,0,0.467169671290165,1.40983958627471
EVENT,15,YEAR_2018,209,3.76792071306813,2.62249294501138,0.413605607207897,-0.80345858955966,1144.94532186698,1154.22217793864,33.8370406783303,33.9738454982452,24.6525485047451,24.7324048299392,-3.35431510586023,-4.57137930262779,-9.27685607166162,-8.50009572007583,-0.00810244462725485,0.464114832535885,1174.23792101083,1180.95836615033,0,0.00956937799043062,0,0.445639405432897,1.78261796580272
EVENT,15,YEAR_2019,201,-0.869972644544456,3.47341486853114,0.332987156865783,0.248754144329549,1524.95452876113,1524.76953827119,39.0506661756381,39.0482975079732,27.8541401376338,27.8604596075739,1.20295980141024,1.118726788874,0.184990489937078,-0.732709097981971,0.000121308856394164,0.462686567164179,1515.78999920473,1515.13605047982,0,0.0248756218905473,0,0.372173724027016,1.26769081494195
EVENT,15,YEAR_2020,275,2.30780047227433,2.88511281785975,-0.0447605103742663,0.587923257137607,2488.16213035941,2485.57440563598,49.881480835671,49.8555353560263,31.9276345388654,31.8757597953772,-2.3525609826486,-1.71987721513672,2.58772472342974,3.16195773315315,0.0010400145118582,0.538181818181818,2498.74290478588,2501.77251290411,0.00363636363636364,0.00363636363636364,0,0.337473745842832,1.05564838201568
EVENT,15,LONG,555,1.30306059854437,2.16786458152596,1.0153947405836,-0.236837744093313,1583.80897343459,1573.19912899757,39.7970975503816,39.6635743346155,25.9064719245989,25.8590457289264,-0.287665857960765,-1.53989834263768,10.6098444370137,0.499354218526035,0.0066989419904635,0.513513513513513,1569.94616367894,1575.38962969861,0.0018018018018018,0.0144144144144144,0,0.434273406638449,1.10218912230033
EVENT,15,SHORT,552,-0.56477804683098,-2.89053112224602,1.36872830856193,0.18176358057877,4225.39278666461,4219.55367091211,65.0030213656612,64.9580916507875,39.8305220150013,39.658296254958,1.93350635539291,0.746541627409749,5.8391157525005,1.33575763693199,0.00138191075890703,0.516304347826087,4272.89174993782,4276.16279069855,0.00181159420289855,0.00543478260869565,0,0.486006139468778,1.61998755094267
EVENT,15,YEAR_2016_LONG,176,-2.30538424045516,-0.384301093487305,4.26734754977036,0.585754063952261,2964.69686956189,2928.45537090247,54.4490300148854,54.1152046185032,34.5297597202275,34.5032744730835,6.57273179022551,2.89113830440742,36.2414986594254,8.05110045740471,0.0122243521863945,0.505681818181818,2912.95875428969,2921.55029829201,0.00568181818181818,0.0113636363636364,0,0.585347425715211,1.08803320148554
EVENT,15,YEAR_2016_SHORT,150,-2.29349757946077,-12.0807047370508,3.75029595443685,0.26255307409045,9382.40715303685,9355.23334747401,96.8628264766048,96.7224552390706,61.1500677605312,60.3714406354265,6.04379353389762,2.55605065355122,27.1738055628344,71.2850820959288,0.00289625094281287,0.62,9509.36490656445,9517.92260362372,0,0.00666666666666667,0,0.705407482944551,1.91730012774227
EVENT,15,YEAR_2017_LONG,41,-0.792928460507855,-1.54985611293346,-2.72005252476556,-3.58699823542338,148.883927651767,152.810465267765,12.2018001807835,12.3616530151823,9.28672155001749,9.30949450462049,-1.9271240642577,-2.79406977491552,-3.92653761599836,-2.60081150062929,-0.0263731463693138,0.48780487804878,128.628970063683,128.059057582214,0,0,0,0.385418178024798,1.0810265454823
EVENT,15,YEAR_2017_SHORT,55,-0.97368321621408,-6.04380909429381,-0.437420929876133,-1.27774243116776,838.633037507142,838.48531872075,28.9591615470328,28.9566109674587,21.8704056127006,21.7874418312092,0.536262286337948,-0.304059214953686,0.147718786391063,5.23085464141156,0.000176142340910346,0.545454545454545,879.150693594366,878.206451345585,0,0,0,0.494240135976796,1.73264709802362
EVENT,15,YEAR_2018_LONG,81,2.35284122115817,-2.84075777213566,-0.333821357188496,-1.55865012647704,593.882033598668,601.517519434461,24.3696949837019,24.5258541020381,17.7598617857244,17.7043535176439,-2.68666257834667,-3.91149134763521,-7.63548583579309,2.44216260773724,-0.0128569065973005,0.518518518518518,610.562794762946,615.00308439295,0,0.0123456790123457,0,0.410412556627841,1.23233629097673
EVENT,15,YEAR_2018_SHORT,128,4.6634007040424,7.36489041371191,0.88658673311499,-0.325563945104131,1493.66505897427,1503.98059464831,38.6479631930878,38.7811886698734,29.0143268191254,29.1798435510011,-3.77681397092741,-4.98896464914653,-10.3155356740472,-18.0544093655185,-0.00690619065637832,0.4296875,1530.93858683958,1539.10194288743,0,0.0078125,0,0.480437062862187,1.86934932459247
EVENT,15,YEAR_2019_LONG,105,5.98284452658561,6.19295283379451,-0.213469688563525,-0.297891781088545,1056.3464336852,1057.38622452489,32.501483561296,32.5174756788544,24.2451499035298,24.2616860792312,-6.19631421514914,-6.28073630767416,-1.03979083969464,-0.969731864658023,-0.00098432749573174,0.4,1061.45568424013,1068.3286864332,0,0.0476190476190476,0,0.398086245819151,1.24092056521358
EVENT,15,YEAR_2019_SHORT,96,-8.36524142546797,-3.05606333336206,0.930674331554087,0.84664812525559,2037.49463275042,2035.9700376812,45.1386157602382,45.1217246753845,31.8014732061851,31.7966181541986,9.29591575702205,9.21188955072356,1.52459506922177,0.36381107977264,0.000748269489752595,0.53125,2012.71815619725,2003.83160490582,0,0,0,0.333559655794488,1.29761862916012
EVENT,15,YEAR_2020_LONG,152,2.25445731044575,5.59875793714748,-0.174559782821422,0.460911590025719,1263.83072316541,1261.20835256273,35.5503969480709,35.5134953582822,25.8934807850482,25.7629942391683,-2.42901709326717,-1.79354572042003,2.62237060267643,7.26290908585587,0.00207493816585536,0.605263157894737,1266.16552035002,1269.13295204701,0,0,0,0.308724513074633,0.992738803419285
EVENT,15,YEAR_2020_SHORT,123,2.37372047713567,-2.88235398136161,0.11564184256856,0.744880764462866,4001.15704006257,3998.61212975903,63.2546997468376,63.2345801738181,39.3844749500868,39.4297464989848,-2.25807863456711,-1.6288397126728,2.54491030354765,-3.3499580695825,0.000636043593907121,0.455284552845528,4021.92796522695,4025.03440924783,0.00813008130081301,0.00813008130081301,0,0.382032686062547,1.173881604943
NON_EVENT_CONTEXT,15,POOLED,134247,-0.782473132161754,-0.33019551881619,-0.961568057340718,-0.935969304124427,752.027815376686,752.319818814625,27.423125558125,27.4284490778211,17.4916491887087,17.4943966828701,-0.179094925178964,-0.153496171962673,-0.292003437939458,-0.00183317379557479,-0.000388288081861754,0.488934575819199,744.191877200763,745.464194592946,,,,,
NON_EVENT_CONTEXT,15,YEAR_2016,20538,-2.37596901742675,-1.41892855676062,-0.619980647917853,-0.495712291864134,898.966836579241,900.864732429719,29.9827756650254,30.0144087469622,18.8999197283324,18.9183557143083,1.75598836950889,1.88025672556261,-1.89789585047828,-0.202173787799389,-0.0021111967352434,0.467474924530139,884.672476081653,893.465008311718,,,,,
NON_EVENT_CONTEXT,15,YEAR_2017,39067,-0.591334854611896,-0.374967190370779,-2.24055252104065,-2.23277024594052,372.32107261309,372.277389212596,19.2956231465348,19.2944911623136,13.0936827308313,13.0929381046076,-1.64921766642876,-1.64143539132862,0.0436834004937413,0.00046452542786225,0.000117327231002884,0.501753398008549,359.595089765554,359.442662773148,,,,,
NON_EVENT_CONTEXT,15,YEAR_2018,25949,0.102332109049124,0.871340557446754,-0.46764360399041,-0.440786931786225,694.545739819355,694.606099017051,26.3542357092623,26.3553808361225,18.1548842956083,18.1554018061246,-0.569975713039534,-0.543119040835349,-0.0603591976963754,-0.000460905920035337,-8.69045683182801e-05,0.498709006127404,692.156304605226,692.970288589168,,,,,
NON_EVENT_CONTEXT,15,YEAR_2019,27467,-0.699775542128732,-0.495108116544962,-0.213138248946125,-0.211566704862689,856.101910694407,856.111865745267,29.2592192427345,29.2593893604304,19.5752810584969,19.5754610150921,0.486637293182607,0.488208837266043,-0.00995505086078943,-0.00144409610377494,-1.16283479061341e-05,0.472057377944442,848.290163445527,847.823154661422,,,,,
NON_EVENT_CONTEXT,15,YEAR_2020,21226,-0.781118496671595,-0.430661622515816,-0.510395125960467,-0.517922083621214,1244.30939950147,1244.31356815124,35.2747700134455,35.2748291016589,20.7165097799976,20.716553270679,0.270723370711128,0.263196413050381,-0.00416864976952706,-0.000694837909256278,-3.35017140562499e-06,0.495995477244888,1245.03309080259,1244.46227629176,,,,,
NON_EVENT_CONTEXT,15,LONG,62502,-0.878865960300288,0.504222007301491,-0.750017433292021,-0.718938933051699,847.184535566543,847.450634945928,29.1064346076008,29.1110053922211,17.5535614541561,17.5535109811764,0.128848527008268,0.159927027248589,-0.266099379384945,-0.00104862965689503,-0.000314098485292735,0.493488208377332,838.193482253168,839.368334944999,,,,,
NON_EVENT_CONTEXT,15,SHORT,71745,-0.698498715208451,-1.06687480083911,-1.14586434424979,-1.12503937524837,669.130257005978,669.444827249517,25.8675522036001,25.8736318913584,17.4377131595082,17.4428981551297,-0.447365629041344,-0.426540660039924,-0.314570243539487,-0.00268272711784423,-0.000470118097703587,0.484967593560527,662.300619008759,663.657844599442,,,,,
NON_EVENT_CONTEXT,15,YEAR_2016_LONG,10431,-2.56262641718992,-0.663496627225646,0.887774826613054,1.02442362468811,953.521828676233,955.022532712364,30.879148768647,30.903438849299,18.5093502082588,18.5104351939575,3.45040124380297,3.58705004187803,-1.50070403613024,-0.0706867828671705,-0.0015738538867156,0.485188380788036,941.764908074386,951.088942160552,,,,,
NON_EVENT_CONTEXT,15,YEAR_2016_SHORT,10107,-2.18332794322771,-2.31133842435005,-2.17607022492704,-2.06457919060327,842.662975634971,844.970796073899,29.028657833854,29.0683813803572,19.3030097316854,19.3393529387842,0.00725771830066791,0.118748752624441,-2.3078204389283,-0.382214603757816,-0.00273872296001754,0.44919362817849,825.74983255576,833.99382457993,,,,,
NON_EVENT_CONTEXT,15,YEAR_2017_LONG,15242,-1.33608862971102,0.156818203583819,-1.89974008942863,-1.88837181853854,382.943857636974,382.918036231388,19.5689513678422,19.5682916022679,13.5183090244061,13.5170163182797,-0.56365145971761,-0.552283188827521,0.0258214055856994,0.00379445797964584,6.74286976292127e-05,0.5106285264401,368.249314733436,366.554557602893,,,,,
NON_EVENT_CONTEXT,15,YEAR_2017_SHORT,23825,-0.114879994588355,-0.701680077261901,-2.4585866483284,-2.4530985074499,365.525165400748,365.470054821812,19.1187124409765,19.1172711133627,12.8220288392608,12.8216348461484,-2.34370665374004,-2.33821851286154,0.0551105789360655,-0.00117578879860727,0.000150770956838353,0.49607555089192,354.05856523416,354.892841115437,,,,,
NON_EVENT_CONTEXT,15,YEAR_2018_LONG,14631,-0.74935928423374,0.766628382569134,-0.744993049819285,-0.717604460022664,699.933202436933,700.003439768995,26.4562507252432,26.4575781160898,17.7062559108024,17.7060348593643,0.00436623441445522,0.0317548242110753,-0.0702373320618685,0.00407429848675722,-0.000100348621578927,0.505843756407628,692.032261011734,691.47389182832,,,,,
NON_EVENT_CONTEXT,15,YEAR_2018_SHORT,11318,1.20333023372854,0.957229461863163,-0.109108549924121,-0.0829394979969201,687.581261505361,687.628851045529,26.2217707545726,26.2226781821676,18.7348349846076,18.7363072486101,-1.31243878365266,-1.28626973172546,-0.0475895401684085,-0.00707112652287388,-6.92129684629617e-05,0.489485774871885,692.316658185045,694.90470995407,,,,,
NON_EVENT_CONTEXT,15,YEAR_2019_LONG,12711,0.620081224748811,0.969693353123358,-0.825966087560945,-0.824724282208716,801.935336688301,801.939897131885,28.3184628235415,28.3185433441038,18.637821060726,18.6379178444361,-1.44604731230976,-1.44480550695753,-0.0045604435840029,-0.00130526789650243,-5.68679714607612e-06,0.475414994886319,793.518613347642,794.50129990123,,,,,
NON_EVENT_CONTEXT,15,YEAR_2019_SHORT,14756,-1.83671640440716,-2.02357255363772,0.314759193222009,0.316614778306555,902.761664163613,902.776266195573,30.0459924809219,30.0462354746077,20.382820637764,20.3830722405061,2.15147559762917,2.15333118271371,-0.0146020319596803,-0.00157030154454985,-1.61748471820822e-05,0.469165085388994,895.471050765547,893.755256576359,,,,,
NON_EVENT_CONTEXT,15,YEAR_2020_LONG,9487,-0.501047534424313,1.53155796660531,-0.609600731322264,-0.617263577401488,1763.84406234381,1763.87419402607,41.9981435583028,41.99850228313,21.2975678403585,21.2983304907882,-0.108553196897951,-0.116216042977175,-0.0301316822585735,-0.00569696032136287,-1.70829626620073e-05,0.480236112575103,1764.60673673152,1764.36237100112,,,,,
NON_EVENT_CONTEXT,15,YEAR_2020_SHORT,11739,-1.00746087837702,-2.16221372528747,-0.430221041450087,-0.437638179413577,824.441834429036,824.425020772883,28.7130951732661,28.7128023845267,20.2469214148351,20.2463837087763,0.577239836926932,0.569822698963442,0.0168136561529181,0.00126457547832715,2.03939871203929e-05,0.50873157849902,825.134021126477,824.29938349786,,,,,
EVENT,30,POOLED,1107,1.75856442762827,2.96751392420136,1.67943651554161,-1.39647534784219,6498.19256406584,6479.53297896815,80.6113674618279,80.4955463300184,49.3517157875971,49.3743728849528,-0.0791279120866664,-3.15503977547046,18.6595850976957,-7.68562566514644,0.00287150387030388,0.480578139114724,6491.63586165471,6515.77550908441,0.001806684733514,0.00993676603432701,0,0.458097537671475,1.40958501124435
EVENT,30,YEAR_2016,326,-5.93934609270504,-2.37092644604586,6.87960537434427,-1.24623313923761,13814.1580864529,13681.1716116747,117.53364661429,116.966540564705,68.1805229603251,67.8171326058018,12.8189514670493,4.69311295346743,132.986474778182,53.752376149652,0.00962682444676799,0.521472392638037,13731.4492832705,13771.6460581863,0.00306748466257669,0.00920245398773006,0,0.621184754740733,1.54329197794317
EVENT,30,YEAR_2017,96,1.76181947726045,-4.24557242443502,-3.59250082496926,-7.10014148528511,2582.79221996566,2630.19444239404,50.8211788525774,51.2854213436337,28.6105935849152,28.6479679200683,-5.3543203022297,-8.86196096254555,-47.4022224283732,-1.33617735517202,-0.0183530916896615,0.489583333333333,2675.90503842885,2686.58011156029,0,0,0,0.467093524449505,1.40962168580838
EVENT,30,YEAR_2018,209,11.2884219621524,8.05417753306559,0.209392075896693,-3.33354261720886,3071.38889371981,3160.78270524844,55.4201127183968,56.2208387099342,39.2702681944383,39.9848904794311,-11.0790298862557,-14.6219645793613,-89.3938115286308,-86.0775082659605,-0.0291053378852213,0.397129186602871,3141.32476059342,3183.13040669709,0,0.00956937799043062,0,0.445596770395355,1.78245261483856
EVENT,30,YEAR_2019,201,3.86956593862118,9.37313245054083,0.268637874625624,-0.35844864059065,2969.13908095494,2974.13639849732,54.4898071289938,54.5356433765782,42.0891980959336,42.1861163441662,-3.60092806399555,-4.22801457921183,-4.9973175423759,-10.8571534073835,-0.00168308637828063,0.422885572139304,2959.16372790263,2969.45140361258,0,0.0248756218905473,0,0.372173724027016,1.26769081494195
EVENT,30,YEAR_2020,275,2.09730921467864,4.11126426608677,-0.496342570170129,1.12998530790146,4376.06670931331,4370.46325217118,66.1518458496308,66.1094792913329,47.241698319025,47.1366877761685,-2.59365178484877,-0.967323906777186,5.6034571421348,13.350978499048,0.00128047799870368,0.534545454545455,4369.35550743261,4375.85889364399,0.00363636363636364,0.00363636363636364,0,0.337473745842832,1.05564838201568
EVENT,30,LONG,555,-1.39710099259348,2.40065401601486,1.59736105402215,-1.49913383601542,5851.65041670791,5774.8231085494,76.4960810545737,75.9922568986433,40.9805359376711,40.9023399525076,2.99446204661563,-0.102032843421944,76.8273081585154,-8.20552205587992,0.0131291691552785,0.477477477477477,5660.72404403356,5693.42545074229,0.0018018018018018,0.0144144144144144,0,0.434273406638449,1.10218912230033
EVENT,30,SHORT,552,4.93138020339471,4.3587845865356,1.76195803935193,-1.29325893310279,7148.24852744202,7188.07279433482,84.5473153177676,84.7825028784526,57.7683911801857,57.8924494746395,-3.16942216404278,-6.2246391364975,-39.8242668928024,-5.86539784327982,-0.0055711922633801,0.483695652173913,7327.06350437162,7342.59486122186,0.00181159420289855,0.00543478260869565,0,0.486006139468778,1.61998755094267
EVENT,30,YEAR_2016_LONG,176,-12.9770109308459,0.038887473478022,8.03928803257518,-0.288305576089135,14190.6821234301,13913.7843838543,119.124649520702,117.956705548495,56.6119139394971,56.2597449686401,21.0162989634211,12.6887053547568,276.897739575815,38.6420560463219,0.019512644788134,0.517045454545455,13592.4463724725,13671.3242796767,0.00568181818181818,0.0113636363636364,0,0.585347425715211,1.08803320148554
EVENT,30,YEAR_2016_SHORT,150,2.31818065071358,-6.34582627234037,5.51891105535334,-2.37020147999848,13372.3698830663,13408.2392923173,115.63896351605,115.793951881423,81.7543575447633,81.3778007667381,3.20073040463976,-4.68838213071206,-35.8694092510405,86.9120708697813,-0.00268235245993798,0.526666666666667,13894.5460319401,13889.3569449709,0,0.00666666666666667,0,0.705407482944551,1.91730012774227
EVENT,30,YEAR_2017_LONG,41,-4.66002526187624,-6.72321638671813,-5.44558752958334,-9.01604757135481,447.104187178661,464.665991247792,21.1448383105348,21.5561126191109,17.1646449166918,16.9324374010344,-0.785562267707099,-4.35602230947857,-17.5618040691308,11.7000717120167,-0.0392789970945033,0.536585365853659,381.512223571435,367.139546626412,0,0,0,0.385351310107953,1.08083984687787
EVENT,30,YEAR_2017_SHORT,55,6.54901282825325,-1.2543788929853,-2.2111089178933,-5.67192058476042,4174.85057167961,4244.49746961215,64.6130835951947,65.1498079015752,37.1430280466817,37.3813633978935,-8.76012174614655,-12.2209334130137,-69.6468979325358,-81.2943645435248,-0.0166824888069028,0.454545454545455,4386.27059132256,4415.61762360192,0,0,0,0.494175467966098,1.73235053274592
EVENT,30,YEAR_2018_LONG,81,3.48316252680551,-4.05060179371919,-1.14703218671313,-4.71256860846362,1669.68886963696,1714.01441612937,40.8618265577661,41.4006571944138,29.4805964820573,29.6521693273882,-4.63019471351864,-8.19573113526913,-44.3255464924053,-26.1569763474987,-0.0265471892988318,0.481481481481481,1710.40278870825,1725.34929758442,0,0.0123456790123457,0,0.410372979912517,1.23221714996612
EVENT,30,YEAR_2018_SHORT,128,16.2276876985829,18.1547622835992,1.06775430457947,-2.46087773211795,3958.40219020974,4076.3157632066,62.9158341771746,63.84603169506,45.4652948249294,46.5235655834582,-15.1599333940034,-18.6885654307008,-117.913572996867,-128.282904169078,-0.0297881739476855,0.34375,4046.830070927,4105.63251480745,0,0.0078125,0,0.48039134492504,1.86917403445268
EVENT,30,YEAR_2019_LONG,105,12.9248624007295,12.8925651593326,-0.970118189103569,-1.59861234139343,2302.40648416238,2320.28813603915,47.983398005585,48.1693692717598,36.9169032364544,37.1373872379818,-13.8949805898331,-14.523474742123,-17.8816518767737,-19.4143498681208,-0.00776650517611754,0.323809523809524,2291.18009494283,2322.41245056416,0,0.0476190476190476,0,0.398086245819151,1.24092056521358
EVENT,30,YEAR_2019_SHORT,96,-6.03466456680985,-4.04249393950007,1.62352731932943,0.997980407162388,3698.3778586968,3689.28293556093,60.8142899218333,60.7394676924397,47.746395598489,47.7081638040553,7.65819188613928,7.03264497397224,9.09492313587168,5.23897070465016,0.00245916547290714,0.53125,3689.7708264524,3677.1502585093,0,0,0,0.333559655794488,1.29761862916012
EVENT,30,YEAR_2020_LONG,152,0.397218367951149,2.34762582917103,-0.725909230647252,0.907584249740381,2334.06037235019,2333.44767141327,48.3121141366241,48.3057726510328,38.2404407605082,38.1815937513956,-1.1231275985984,0.510365881789233,0.612700936928314,6.30240497688362,0.000262504322590229,0.519736842105263,2333.37332804395,2335.78111916855,0,0,0,0.308724513074633,0.992738803419285
EVENT,30,YEAR_2020_SHORT,123,4.19823448868336,7.73418359454991,-0.212650436897586,1.40482238790539,6899.52169482871,6887.75079912404,83.0633595204812,82.9924743523414,58.3652035945905,58.2031454327983,-4.41088492558094,-2.79341210077796,11.7708957046664,19.8075720769552,0.00170604517607231,0.552845528455285,6885.36600553892,6896.93061494698,0.00813008130081301,0.00813008130081301,0,0.382032686062547,1.173881604943
NON_EVENT_CONTEXT,30,POOLED,134247,-1.57755455550457,-0.935460887483419,-1.65145412378443,-1.58467682736359,1604.56504586764,1605.62856144055,40.0570224288781,40.0702952502294,25.9849641906444,25.9933693279496,-0.0738995682798582,-0.00712227185901437,-1.06351557291412,-0.019331521393724,-0.000662806145287353,0.485567647694176,1577.00637651813,1581.43877049106,,,,,
NON_EVENT_CONTEXT,30,YEAR_2016,20538,-4.51177039174163,-2.90715747303438,0.414567152400541,0.695656406718967,2012.42484812801,2019.43495311408,44.8600584944783,44.938123604731,27.8314415213978,27.8886310827124,4.92633754414217,5.2074267984606,-7.01010498606567,-0.764105044689444,-0.0034834120601257,0.461193884506768,1936.42737650005,1968.77776404013,,,,,
NON_EVENT_CONTEXT,30,YEAR_2017,39067,-1.46975697596777,-0.868929561536058,-4.0596080190546,-4.02755462628479,805.880880492352,805.548731334695,28.3880411527874,28.3821903900086,19.201472027093,19.1971827876911,-2.58985104308683,-2.55779765031701,0.332149157657735,0.00503145218906909,0.000412156642126682,0.503135638774413,769.698873904903,767.769512852482,,,,,
NON_EVENT_CONTEXT,30,YEAR_2018,25949,0.244907741805933,1.67503034558258,-1.28407756010112,-1.20589564599446,1410.5745986217,1410.82000705509,37.5576170519603,37.5608840025776,26.6860013872573,26.6885763078466,-1.52898530190705,-1.45080338780039,-0.245408433393055,-0.00970841912109651,-0.000173977635520073,0.496435315426413,1405.03685021182,1408.84001012331,,,,,
NON_EVENT_CONTEXT,30,YEAR_2019,27467,-1.41184132083645,-1.43671280111057,-0.616959461918083,-0.605259843524798,1833.0974675147,1833.24267355773,42.8146875209279,42.8163832377015,29.4320847736236,29.4338009868676,0.794881858918363,0.806581477311649,-0.145206043023283,-0.0225999898846112,-7.92134873330852e-05,0.462263807478065,1808.64926001912,1806.72116952045,,,,,
NON_EVENT_CONTEXT,30,YEAR_2020,21226,-1.37926579477091,-1.43784733635632,-1.00602474812573,-1.02537296236692,2621.35237085105,2621.41926203326,51.1991442394407,51.199797480393,31.3658396107357,31.3661890467901,0.373241046645175,0.353892832403996,-0.0668911822087848,-0.00398852339333189,-2.5517813992737e-05,0.493686987656647,2625.58810948541,2623.71627059931,,,,,
NON_EVENT_CONTEXT,30,LONG,62502,-1.85949681744981,0.082142924856532,-1.41657731645481,-1.33602034948334,1835.07798176674,1836.40872350963,42.8378101887426,42.8533397007705,26.3819208725168,26.387244200409,0.442919500995004,0.523476467966473,-1.3307417428925,-0.0125742304369325,-0.000725169042468332,0.490544302582317,1803.40443661439,1807.44356012523,,,,,
NON_EVENT_CONTEXT,30,SHORT,71745,-1.33193527533033,-1.73677640852521,-1.85607145198453,-1.80129857355456,1403.74938596708,1404.58010245886,37.4666436442749,37.4777280856092,25.6391479451864,25.650237858461,-0.524136176654204,-0.469363298224232,-0.830716491779714,-0.0252013478144022,-0.00059178404641469,0.481232141612656,1379.77546771423,1384.55046661323,,,,,
NON_EVENT_CONTEXT,30,YEAR_2016_LONG,10431,-5.10627770556189,-2.26642299855473,3.417296248006,3.72638948762223,2367.11032360443,2374.48376523325,48.6529580149494,48.7286749792486,27.9381997569117,27.9738304068752,8.52357395356788,8.83266719318411,-7.37344162882437,-0.418469422947851,-0.00311495478486878,0.471862716901543,2295.31621843387,2330.93419779328,,,,,
NON_EVENT_CONTEXT,30,YEAR_2016_SHORT,10107,-3.89820496278555,-3.58799699793355,-2.68442040041043,-2.4322328548722,1646.36922383846,1653.00434470257,40.5754756452523,40.6571561315173,27.7212609381738,27.8007005246495,1.21378456237512,1.46597210791336,-6.635120864109,-1.37744481115311,-0.00403015360590864,0.450183041456416,1566.03363847574,1595.01168503755,,,,,
NON_EVENT_CONTEXT,30,YEAR_2017_LONG,15242,-3.1000944185506,-0.093560057192188,-3.7838010258743,-3.73698087285137,885.683293222965,885.453753804817,29.7604316706422,29.7565749676406,20.2038080402579,20.196862213898,-0.683706607323694,-0.636886454300769,0.229539418147093,0.0458175959337199,0.000259166476215267,0.518501508988322,841.377797144868,833.089471268327,,,,,
NON_EVENT_CONTEXT,30,YEAR_2017_SHORT,23825,-0.426751590874489,-1.25594330313117,-4.23605503647556,-4.21344865146137,754.827433489625,754.429639939538,27.4741229794442,27.4668826032285,18.5602294032668,18.557639710493,-3.80930344560107,-3.78669706058688,0.397793550086746,-0.0144897359014186,0.000526999327843281,0.493305351521511,723.842414386602,725.981189403402,,,,,
NON_EVENT_CONTEXT,30,YEAR_2018_LONG,14631,-1.8003336695017,0.64975850642357,-1.93305447691895,-1.85332331756214,1435.72511452951,1436.2101950156,37.8909634943413,37.8973639586661,26.5415681577792,26.5438127864517,-0.132720807417252,-0.052989648060436,-0.485080486096041,0.00639415250043385,-0.000337864456912307,0.502494703027818,1416.28543514511,1413.05059456671,,,,,
NON_EVENT_CONTEXT,30,YEAR_2018_SHORT,11318,2.888831322725,2.9858191860338,-0.445132404599991,-0.368953230134172,1378.06203471932,1377.99761440178,37.1222579420935,37.1213902541618,26.8727130483718,26.875714943783,-3.33396372732499,-3.25778455285917,0.0644203175432763,-0.0370903130046186,4.67470374483359e-05,0.488602226541792,1390.49558442644,1403.39690524689,,,,,
NON_EVENT_CONTEXT,30,YEAR_2019_LONG,12711,1.47410257154793,1.54093826919999,-2.00907905355459,-1.99983422937629,1700.5031309808,1700.55713488212,41.2371571641499,41.2378119555599,27.9896348589097,27.9903653914259,-3.48318162510252,-3.47393680092422,-0.0540039013135637,-0.0155499691132575,-3.17576018118437e-05,0.471166706002675,1674.70542105375,1679.45244840694,,,,,
NON_EVENT_CONTEXT,30,YEAR_2019_SHORT,14756,-3.89782890663868,-4.20653717365549,0.582229486936051,0.596043695276928,1947.31586082471,1947.53962951501,44.1284019745187,44.1309373287608,30.6746288821847,30.6771941729383,4.48005839357473,4.49387260191561,-0.223768690303863,-0.0301977854051869,-0.000114911347874003,0.454594741122255,1924.03013133173,1916.35201216573,,,,,
NON_EVENT_CONTEXT,30,YEAR_2020_LONG,9487,-0.854188265884898,1.31942941349106,-1.33784267503945,-1.35754019352174,3571.61821724302,3571.82656913653,59.7630171363781,59.7647602616837,32.1963826448847,32.1989963957655,-0.483654409154548,-0.503351927636844,-0.208351893510076,-0.0323381783447587,-5.83354325229823e-05,0.473700853799937,3577.61225151098,3577.00534793796,,,,,
NON_EVENT_CONTEXT,30,YEAR_2020_SHORT,11739,-1.80361288707363,-3.33345960074283,-0.737862496432202,-0.756928416667465,1853.38473436408,1853.33730254023,43.0509550923563,43.0504042087903,30.6946272617304,30.6931467672322,1.06575039064143,1.04668447040616,0.0474318238492566,0.00548586477714741,2.55920009319954e-05,0.509838998211091,1856.19948733731,1853.30537727689,,,,,
EVENT,60,POOLED,1107,7.02897976621146,3.17963302975732,1.21390194361881,5.50738582134229,9990.59164345623,9931.11358634993,99.9529471474265,99.6549727126044,65.9772874410988,65.8745951336853,-5.81507782259265,-1.52159394486917,59.4780571063046,17.5648848837927,0.00595340688809554,0.514905149051491,9915.83331019223,9959.68577567333,0.001806684733514,0.00993676603432701,0,0.4580859769626,1.40958217378777
EVENT,60,YEAR_2016,326,3.07893897216616,5.41283881691723,7.91435696893007,5.11532504834766,19035.367232687,19016.329468934,137.968718312112,137.899708008879,88.256288281684,88.1816770685724,4.83541799676392,2.03638607618151,19.0377637530154,8.0897510629995,0.00100012589829757,0.512269938650307,18687.1982295917,18680.2776092873,0.00306748466257669,0.00920245398773006,0,0.621178685806583,1.54326580533724
EVENT,60,YEAR_2017,96,1.46562211499196,-2.8943330787734,-6.67369965579274,0.279485857931696,2489.55047163237,2427.44242659914,49.8953952948803,49.2690818526095,37.2942452452157,36.9328217554511,-8.1393217707847,-1.18613625706027,62.1080450332301,41.3279282058424,0.0249474938310877,0.53125,2484.01911094897,2512.65457871377,0,0,0,0.466937387576185,1.40918664169026
EVENT,60,YEAR_2018,209,17.507880910609,8.56054908878967,-0.358589474164433,4.18931173632417,6534.04564095901,6396.81338172324,80.8334438271623,79.9800811560181,57.105667604824,56.7152811039279,-17.8664703847734,-13.3185691742848,137.232259235772,97.279561810482,0.0210026477892232,0.545454545454545,6677.74303289583,6822.53200911227,0,0.00956937799043062,0,0.445511488993012,1.78211837196198
EVENT,60,YEAR_2019,201,5.82020639952193,4.07603661021994,-0.311028605969553,6.55339290614217,5585.57320407869,5550.37507797276,74.7366924882195,74.5008394447523,56.0995272761223,55.8676506379777,-6.13123500549148,0.733186506620245,35.1981261059326,22.1291598131497,0.00630161396510409,0.527363184079602,5629.62379725436,5664.55448939802,0,0.0248756218905473,0,0.372173724027016,1.26769081494195
EVENT,60,YEAR_2020,275,6.57322973312548,1.38002525767122,-1.6660138306503,8.03436861482476,7733.60957524772,7668.45626476613,87.9409436795383,87.5697223060924,63.5417096800649,63.8091188042082,-8.23924356377578,1.46113888169928,65.15331048159,-36.5552570251688,0.00842469610699248,0.48,7705.93578095069,7745.09880440996,0.00363636363636364,0.00363636363636364,0,0.337473745842832,1.05564838201568
EVENT,60,LONG,555,0.208940785277736,1.44691294712285,1.93245649634112,6.18369273243453,8644.7952959384,8558.99117393005,92.9773913160527,92.5148159698221,56.7123281265223,56.6718024437777,1.72351571106339,5.97475194715679,85.8041220083505,11.3343364454295,0.00992552386389811,0.508108108108108,8434.23454692078,8496.72046723161,0.0018018018018018,0.0144144144144144,0,0.434262855497369,1.1021653933483
EVENT,60,SHORT,552,13.8860841763894,9.02443955413834,0.49144220310996,4.82740332921151,11343.7021015584,11310.6931857938,106.506817160022,106.351742749208,75.2925997954284,75.1274030012555,-13.3946419732794,-9.05868084717788,33.0089157645736,26.6391941800615,0.00290988915867563,0.521739130434783,11405.4842406554,11430.6019825305,0.00181159420289855,0.00543478260869565,0,0.486006139468778,1.61996406101725
EVENT,60,YEAR_2016_LONG,176,-10.7304956229707,5.03650448157478,12.9253571205421,10.0570635784798,17454.6034387207,17324.7612049313,132.115871259742,131.6235587003,75.096001286567,74.778384096946,23.6558527435128,20.7875592014505,129.84223378941,63.6339179449767,0.00743885326557292,0.551136363636364,16776.0275923447,16898.3274577034,0.00568181818181818,0.0113636363636364,0,0.585337528565238,1.08802681873263
EVENT,60,YEAR_2016_SHORT,150,19.2820088971268,5.41283881691723,2.0347834577053,-0.682981493674034,20890.1300842741,21001.1028986971,144.534183099619,144.917572773964,103.697691689288,103.908207488614,-17.2472254394215,-19.9649903908008,-110.972814423021,-48.5554472544267,-0.00531221270405413,0.466666666666667,20929.6384439616,20771.099120479,0,0.00666666666666667,0,0.705390446099923,1.91727416670343
EVENT,60,YEAR_2017_LONG,41,-4.84897406971952,-8.54858744466003,-8.785676012262,-1.70785326580274,1072.17805764035,1067.98116652456,32.7441301249606,32.6799811279713,25.6973794653179,26.4330418451822,-3.93670194254247,3.14112080391678,4.19689111579514,-96.9323457745676,0.00391436019967761,0.463414634146341,1003.51091529589,980.5855917611,0,0,0,0.385212402159611,1.08045565440549
EVENT,60,YEAR_2017_SHORT,55,6.17286654359507,10.511544440619,-5.0993172809702,1.76095684107918,3546.1371802446,3440.8590022911,59.5494515528447,58.6588356711169,45.9391815538667,44.7599304158334,-11.2721838245653,-4.41190970251588,105.2781779535,101.990825722769,0.0296881289703063,0.581818181818182,3587.67067498126,3654.74236898757,0,0,0,0.494046057070193,1.73173902039898
EVENT,60,YEAR_2018_LONG,81,2.04522244016576,-7.98772655093427,-2.71949667820514,1.8573955365993,5045.18192571741,5026.73659520024,71.0294440758015,70.8994823337959,47.7749506662264,48.2702766150852,-4.7647191183709,-0.187826903566465,18.445330517168,-65.0487093826724,0.0036560288189299,0.444444444444444,5170.93253127923,5200.17550228056,0,0.0123456790123457,0,0.410303269898339,1.23199911706611
EVENT,60,YEAR_2018_SHORT,128,27.2928444739363,22.1121883407355,1.13542211589258,5.66497745646256,7476.21721076033,7263.81509819482,86.4651213539907,85.2280182697851,63.0102619175303,62.0593855070237,-26.1574223580438,-21.6278670174738,212.402112565514,181.047809712302,0.0284103720608609,0.609375,7631.27155345009,7849.17948609172,0,0.0078125,0,0.480303209963305,1.86882266960077
EVENT,60,YEAR_2019_LONG,105,11.5675900565166,2.47818522664423,-2.9684454414788,3.91138481244876,5213.55713982127,5064.14343444363,72.2049661714572,71.1627952967253,51.187685983449,50.9139203405663,-14.5360354979954,-7.65620524406782,149.413705377644,32.4412555480037,0.0286586876043651,0.523809523809524,5218.02656353315,5281.40337193847,0,0.0476190476190476,0,0.398086245819151,1.24092056521358
EVENT,60,YEAR_2019_SHORT,96,-0.465994475315976,5.48724034612147,2.59552105786869,9.44308925861934,5992.46577436024,6082.19093808274,77.4110184299383,77.9884025870689,61.4718536899838,61.2857931507715,3.06151553318466,9.90908373393531,-89.7251637225018,17.5931195035996,-0.0149729956083196,0.53125,6079.80827163692,6083.62602411939,0,0,0,0.333559655794488,1.29761862916012
EVENT,60,YEAR_2020_LONG,152,5.41498242593965,3.67079185936703,-2.04059722995692,7.70252511062479,4775.05689475896,4726.2774789997,69.1017864802276,68.7479270887472,52.3708900886814,52.3174078815808,-7.45557965589657,2.28754268468515,48.77941575926,-14.8807599793014,0.0102154627336064,0.493421052631579,4740.37529971471,4773.74110366629,0,0,0,0.308724513074633,0.992738803419285
EVENT,60,YEAR_2020_SHORT,123,8.00455973875351,-7.84443624701758,-1.20311402012504,8.44445164440521,11389.7071966647,11304.319479697,106.722571167793,106.321773309595,77.3462997442137,78.0102575053413,-9.20767375887854,0.439891905651706,85.3877169677214,-162.466995585496,0.00749691941095099,0.463414634146341,11370.6934488195,11417.0205158981,0.00813008130081301,0.00813008130081301,0,0.382032686062547,1.173881604943
NON_EVENT_CONTEXT,60,POOLED,134247,-3.2425854898545,-1.92455514709478,-3.18315038819642,-3.25077012206417,3460.57933603229,3461.16196079026,58.8266889773026,58.8316408133435,38.973133358509,38.9765969958139,0.0594351016580808,-0.00818463220966219,-0.58262475796868,-0.00500673608310959,-0.000168360468405515,0.498916176897808,3388.44069804984,3402.68167630619,,,,,
NON_EVENT_CONTEXT,60,YEAR_2016,20538,-9.10371606650268,-5.12962875574174,1.5102560097404,1.60664944313965,4489.34185116316,4493.26835992064,67.0025510795161,67.0318458638925,42.4903937076558,42.5064532756399,10.6139720762431,10.7103655096423,-3.92650875748471,-0.355965781725163,-0.00087462904088409,0.46528386405687,4228.2405577377,4335.31798636986,,,,,
NON_EVENT_CONTEXT,60,YEAR_2017,39067,-3.29934913228413,-2.37016106638732,-7.10218655894099,-7.1658115708403,1716.44742222849,1718.07684790687,41.4300304396278,41.4496905646697,28.0553717073746,28.0729176557791,-3.80283742665685,-3.86646243855617,-1.6294256783823,-0.104209735760037,-0.000949301247029632,0.483861059205979,1659.71615100542,1649.44403373347,,,,,
NON_EVENT_CONTEXT,60,YEAR_2018,25949,0.691847177366756,3.06399369692789,-3.31138336388661,-3.41175570230571,3005.80728343362,3005.68222442657,54.8252431224306,54.8241025866048,39.814771999865,39.8154480118675,-4.00323054125337,-4.10360287967247,0.125059007054643,-0.0385507033633985,4.1605796800015e-05,0.491618174110756,2993.59282970583,3012.7225911661,,,,,
NON_EVENT_CONTEXT,60,YEAR_2019,27467,-2.66227215099032,-2.37495752108408,-1.77338374865558,-1.90145397538445,3857.5991598341,3854.76191952348,62.1095738178431,62.0867290129177,44.2358793158961,44.2147178241247,0.888888402334748,0.760818175605876,2.83724031062358,0.488143983322459,0.000735493811841681,0.548512760767466,3786.04041971725,3778.98790951435,,,,,
NON_EVENT_CONTEXT,60,YEAR_2020,21226,-3.02778170008292,-3.17061864426094,-2.17885081787853,-2.29425502407033,5717.49130405896,5718.20231187157,75.6140946124396,75.6187960223619,47.8252570303263,47.8258876155861,0.848930882204388,0.733526676012595,-0.711007812607099,0.0234099858731724,-0.000124356605859965,0.503910298690285,5725.82447934328,5716.93285123656,,,,,
NON_EVENT_CONTEXT,60,LONG,62502,-4.21968382833833,-0.873885234924376,-2.50947228427698,-2.57673956403191,4014.7462998659,4015.49855316338,63.36202569257,63.367961567052,40.3205900011848,40.3260365257741,1.71021154406135,1.64294426430643,-0.752253297483033,-0.0449821947244516,-0.000187372561376797,0.492224248824038,3925.32606234948,3934.68585689564,,,,,
NON_EVENT_CONTEXT,60,SHORT,71745,-2.39136797850296,-2.71897883973082,-3.77003768140393,-3.8379644622709,2977.80641006494,2978.24125974483,54.569280827815,54.5732650639929,37.7992712764054,37.8010074843277,-1.37866970290097,-1.44659648376794,-0.434849679890402,0.0284783168299896,-0.000146030204791314,0.504745975329291,2920.72296107226,2939.216273906,,,,,
NON_EVENT_CONTEXT,60,YEAR_2016_LONG,10431,-10.5856294178024,-3.19699884527846,8.81636845622081,8.92270565526802,5528.0658218518,5533.06726374426,74.3509638259774,74.3845902303983,44.8096297143763,44.8223458899567,19.4019978740233,19.5083350730705,-5.00144189245675,-0.146691323690285,-0.000904736313501742,0.479436295657176,5177.27440614797,5298.2186996142,,,,,
NON_EVENT_CONTEXT,60,YEAR_2016_SHORT,10107,-7.57429703341592,-7.16308475352756,-6.03006841187205,-5.94393751131875,3417.31951632065,3420.13663282218,58.4578439246663,58.4819342431676,40.0968099749852,40.1163201144705,1.54422862154387,1.63035952209717,-2.81711650153403,-0.567329540322007,-0.000824364385033194,0.450677748095379,3248.78354054491,3341.54957439285,,,,,
NON_EVENT_CONTEXT,60,YEAR_2017_LONG,15242,-7.02609635294198,-1.96655132937429,-6.2996440762786,-6.39246449752545,1958.04139937399,1958.74694104627,44.249761574205,44.2577331214136,30.0325696272159,30.0531170589173,0.726452276663387,0.633631855416536,-0.705541672278918,-0.310944463506194,-0.00036033031400895,0.463062590211258,1926.79425527097,1886.09199962598,,,,,
NON_EVENT_CONTEXT,60,YEAR_2017_SHORT,23825,-0.915169441318048,-2.65227421989422,-7.61561163851036,-7.66055894089129,1561.88811899022,1564.10859776497,39.5207302436357,39.5488128489968,26.7904629688973,26.8060887238742,-6.70044219719231,-6.74538949957325,-2.22047877475282,-0.0133427437486742,-0.00142166314459735,0.497166841552991,1488.85342423877,1498.04893211192,,,,,
NON_EVENT_CONTEXT,60,YEAR_2018_LONG,14631,-4.53360341959325,-0.401063390933487,-4.49304201528726,-4.59541582689107,3120.8485426198,3119.273819917,55.8645553335905,55.850459442309,39.9303370590293,39.9238381422706,0.0405614043059973,-0.0618124072978118,1.57472270279786,-0.00745409815845333,0.00050458158455724,0.49777868908482,3101.70489605274,3081.78704205402,,,,,
NON_EVENT_CONTEXT,60,YEAR_2018_SHORT,11318,7.44688938306758,7.54570540360155,-1.78383010989802,-1.88161510477891,2857.09119727414,2858.84014688455,53.4517651464771,53.4681227170409,39.6653787872273,39.6753299699936,-9.23071949296559,-9.32850448784649,-1.74894961040595,-0.0845930843091454,-0.000612143431779399,0.483654355893267,2853.83424667688,2923.44162448108,,,,,
NON_EVENT_CONTEXT,60,YEAR_2019_LONG,12711,3.72602848623874,2.78120502707369,-4.7495121065551,-4.85071085413673,3609.77576062916,3609.39682116923,60.0814094427649,60.0782558099786,42.2696606613823,42.2600388465517,-8.47554059279384,-8.57673934037547,0.3789394599239,0.364919957367301,0.000104975900181103,0.534497679175517,3514.56240412356,3539.12816642278,,,,,
NON_EVENT_CONTEXT,60,YEAR_2019_SHORT,14756,-8.16523293980969,-7.21367266828365,0.790289845628838,0.639072196059055,4071.07728583668,4066.1224349193,63.8049942076377,63.7661543055507,45.9296042628684,45.8985023513631,8.95552278543853,8.80430513586875,4.95485091737634,0.649029968460967,0.00121708593806702,0.560585524532394,4019.89492339111,3985.60604413329,,,,,
NON_EVENT_CONTEXT,60,YEAR_2020_LONG,9487,-2.87325962123698,-1.09784466388096,-2.81254927332047,-2.93003693683617,7576.36311972133,7577.62272722528,87.0423064935743,87.0495417979054,49.9042293947379,49.9160330036572,0.0607103479165157,-0.0567773155991884,-1.25960750394446,-0.11939447062838,-0.000166254901466711,0.487930852745863,7580.23981518239,7572.12159565974,,,,,
NON_EVENT_CONTEXT,60,YEAR_2020_SHORT,11739,-3.15266039179528,-4.93005205954189,-1.66672054726114,-1.78044098484982,4215.22391201629,4215.49156304623,64.9247557717108,64.9268169791669,46.1451129958112,46.1367139809809,1.48593984453415,1.37221940694547,-0.267651029940981,0.108417032844834,-6.34962781400628e-05,0.516824261010308,4227.15863973977,4217.64197310872,,,,,
EVENT,120,POOLED,1107,11.816544763934,3.69167158889572,-0.168570245264235,13.3875218677276,20789.0874286288,20674.2422203975,144.18421352086,143.785403363476,96.3123325799065,96.6294406098298,-11.9851150091982,1.57097710379358,114.845208231295,-79.5655127431817,0.00552430252773572,0.485094850948509,20513.2431778155,20562.0242749683,0.001806684733514,0.00993676603432701,0,0.458074765777463,1.40954157226648
EVENT,120,YEAR_2016,326,15.6974384876328,7.62813901419301,8.10626979654904,15.0345882893524,40077.0079949776,40038.3005196692,200.192427416667,200.095728389362,130.493241057452,131.122247955661,-7.59116869108376,-0.66285019828041,38.7074753083919,-135.169659399218,0.000965827471782421,0.460122699386503,39232.5553366395,39058.3937487588,0.00306748466257669,0.00920245398773006,0,0.621157144572722,1.54320481714031
EVENT,120,YEAR_2017,96,-6.7806189399278,-9.7367610707122,-11.6906440473747,6.26024192816676,5454.0734394191,5622.73593964316,73.8516989609521,74.9849047451763,53.030456229505,55.2342323123085,-4.91002510744687,13.0408608680946,-168.662500224062,-353.524446893843,-0.0309241344286015,0.4375,5399.89408121115,5355.84480668955,0,0,0,0.466612390810644,1.40830449545729
EVENT,120,YEAR_2018,209,21.8548605870246,3.85665124006174,-1.53972162896356,10.8174749777104,12723.0882253123,12308.2043159138,112.796667616168,110.942346810917,82.195643369658,82.1259972184233,-23.3945822159882,-11.0373856093142,414.883909398495,30.9578986394567,0.0326087426300397,0.507177033492823,12826.4546137327,13147.1020426635,0,0.00956937799043062,0,0.445340878291291,1.78143446158503
EVENT,120,YEAR_2019,201,7.62328251719185,-0.100708585606402,-1.30776918440299,13.4219641001878,11339.4884793309,11298.733857419,106.487034324987,106.295502526772,81.6547696935879,81.7256623265189,-8.93105170159484,5.79868158299592,40.7546219119104,-51.3025076152073,0.0035940441216723,0.497512437810945,11425.6661806693,11515.5149363543,0,0.0248756218905473,0,0.372173724027016,1.26769081494195
EVENT,120,YEAR_2020,275,9.14379591380355,7.62331771005154,-4.08103985496779,15.8511296205902,16314.4054673069,16184.208403618,127.727857052825,127.217170238997,92.343758583727,92.1064002664503,-13.2248357687713,6.70733370678662,130.197063688868,50.6345255069118,0.00798049698775583,0.505454545454545,16082.4342171502,16191.2748353762,0.00363636363636364,0.00363636363636364,0,0.337473745842832,1.05564838201568
EVENT,120,LONG,555,4.79809052218445,4.26297961730882,3.89722643406011,17.5896666408695,15333.8512358239,15349.5503214152,123.82992867568,123.893302165271,80.9760872195011,81.3310897177545,-0.900864088124335,12.7915761186851,-15.6990855913198,-132.843821081151,-0.00102381882736924,0.472072072072072,15076.516994418,15184.3945686044,0.0018018018018018,0.0144144144144144,0,0.434251576369144,1.10183410723489
EVENT,120,SHORT,552,18.8731427787365,2.44368660824279,-4.25646364567187,9.16253935125328,26273.9716442207,26027.8726623091,162.092478678749,161.331561271529,111.731927099879,112.010934713275,-23.1296064244084,-9.71060342748322,246.098981911642,-19.2467729569346,0.00936664563866096,0.498188405797101,25979.5167861227,25968.8802297363,0.00181159420289855,0.00543478260869565,0,0.486006139468778,1.61990168078185
EVENT,120,YEAR_2016_LONG,176,-4.30017408624854,10.3877990540746,23.8580179685063,30.9584657553543,28468.215160743,28940.0176972201,168.72526533019,170.117658393302,104.53060438919,105.79639582758,28.1581920547549,35.2586398416028,-471.802536477054,-266.15818503402,-0.0165729580801981,0.414772727272727,27712.5319907468,27826.2383111519,0.00568181818181818,0.0113636363636364,0,0.585317112501347,1.08798292506759
EVENT,120,YEAR_2016_SHORT,150,39.1613039076536,1.48747422333728,-10.3757813918808,-3.64942793742317,53697.9915871462,53060.2856980095,231.728271014018,230.348183622119,160.956068081547,160.837914452608,-49.5370852995344,-42.8107318450767,637.705889136649,46.6617956926763,0.0118757866037079,0.513333333333333,52749.3827291535,52237.4561288842,0,0.00666666666666667,0,0.705372768876929,1.91719848946297
EVENT,120,YEAR_2017_LONG,41,-9.65798549831105,-9.11648527989861,-10.0474523102255,8.22540169987607,2467.00736734514,2811.08467715612,49.6689779172588,53.0196631180935,39.2242650849927,41.1907586571873,-0.389466811914477,17.8833871981871,-344.077309810978,-218.978848451157,-0.13947153720147,0.439024390243902,2474.71273361401,2399.63239659305,0,0,0,0.384918435914348,1.07965443180953
EVENT,120,YEAR_2017_SHORT,55,-4.6356729600421,-12.9114125202157,-12.9155687968859,4.79530464380163,7680.79542041968,7718.69415349713,87.6401473094362,87.8560991252009,63.322344173596,65.7030035824897,-8.27989583684375,9.43097760384373,-37.898733077452,-457.384413662115,-0.00493421983050046,0.436363636363636,7580.4838130563,7559.56678512513,0,0,0,0.493786604131319,1.73045102640586
EVENT,120,YEAR_2018_LONG,81,-4.36872542682393,-21.9723821590678,-4.35174162505779,8.08413709966922,8667.83839546014,8830.68868012941,93.1012266055616,93.9717440517596,63.6673788473766,66.4072165396916,0.0169838017661396,12.4528625264932,-162.850284669269,-509.774893901948,-0.0187878773506625,0.395061728395062,8964.21724935656,8949.25362609485,0,0.0123456790123457,0,0.4101522197009,1.23153891967581
EVENT,120,YEAR_2018_SHORT,128,38.4494736114132,22.2991881896512,0.239759774814826,12.5471653536584,15289.3010082655,14508.8196791835,123.649913094452,120.452561945288,93.9205607626642,92.0730381166832,-38.2097138365984,-25.9023082577548,780.481329082002,471.987133267729,0.0510475481292485,0.578125,15270.526695877,15803.5529937734,0,0.0078125,0,0.4801219394404,1.86811201967437
EVENT,120,YEAR_2019_LONG,105,21.4829839627758,12.0031828664668,-6.03997673151701,8.72282076056713,10719.033429107,10135.6131763826,103.532765002713,100.675782472165,78.2943261359697,76.4317171048021,-27.5229606942928,-12.7601632022087,583.420252724313,334.92049545812,0.0544284385885079,0.561904761904762,10770.0802451278,10985.7953154219,0,0.0476190476190476,0,0.398086245819151,1.24092056521358
EVENT,120,YEAR_2019_SHORT,96,-7.5357659389156,-14.7511418464974,3.86808282025296,18.5616521278979,12018.1111905134,12570.8971023025,109.627146229907,112.120012050938,85.3302548347327,87.5159149127716,11.4038487591686,26.0974180668135,-552.785911789155,-878.202479088046,-0.0459960723466681,0.427083333333333,12142.7132976679,12094.8957717492,0,0,0,0.333559655794488,1.29761862916012
EVENT,120,YEAR_2020_LONG,152,12.5914587362115,9.52551786683853,-4.19352841049695,15.8264622244248,10336.4529305384,10070.9057585569,101.668347731919,100.353902557683,76.0406923350436,75.1674551778665,-16.7849871467084,3.23500348821331,265.547171981493,140.864726775692,0.0256903575884285,0.526315789473684,10076.5661612901,10218.0135705226,0,0,0,0.308724513074633,0.992738803419285
EVENT,120,YEAR_2020_SHORT,123,4.88326949912059,3.45346198351248,-3.94202960748461,15.8816129069084,23701.7939680288,23738.8588267829,153.953869610442,154.074199095056,112.490637199986,113.03908037592,-8.82529910660521,10.9983434077878,-37.0648587540502,-160.682348034235,-0.00156379971929788,0.479674796747967,23504.3199447173,23572.8659919434,0.00813008130081301,0.00813008130081301,0,0.382032686062547,1.173881604943
NON_EVENT_CONTEXT,120,POOLED,134247,-6.00030084812686,-5.11049804658881,-5.24125955028884,-5.47196954859893,7627.59099945651,7626.09272604832,87.3360807424773,87.3275026898647,59.5467754664353,59.5393703237879,0.759041297838021,0.528331299527932,1.4982734081936,0.55784570392106,0.000196428126298498,0.520659679545912,7427.68864630076,7447.83292209251,,,,,
NON_EVENT_CONTEXT,120,YEAR_2016,20538,-12.9003409207994,-8.50861776920619,3.71005953496732,3.47244446933263,9561.14922494225,9551.86185335229,97.7811291862712,97.7336270346716,63.2184353012771,63.1890539425774,16.6104004557667,16.372785390132,9.28737158996613,1.58154673514649,0.00097136561426503,0.543090855974292,9041.11873923303,9278.62543972966,,,,,
NON_EVENT_CONTEXT,120,YEAR_2017,39067,-6.77244928003164,-5.7317960362413,-11.2175939416208,-11.382230052347,3903.691390891,3910.93181880852,62.4795277742318,62.5374433344418,43.3802089812727,43.4200554143806,-4.44514466158917,-4.60978077231537,-7.24042791751796,-0.196658279129831,-0.00185476442487564,0.492231294954821,3666.79200230226,3622.83083376983,,,,,
NON_EVENT_CONTEXT,120,YEAR_2018,25949,-0.0704155218411107,2.59895428186718,-5.81599603608885,-6.08878096092158,7072.18569673542,7070.94675920419,84.0962882458876,84.0889217388604,62.0547962376855,62.0474303067564,-5.74558051424774,-6.01836543908047,1.23893753123221,0.147422153699154,0.000175184530548211,0.507264249104012,7088.53479777547,7128.58120666952,,,,,
NON_EVENT_CONTEXT,120,YEAR_2019,27467,-5.48564262896697,-6.65114016470847,-3.77510852603299,-4.04992269326979,8162.18888977476,8149.90704166615,90.344833221246,90.276835576277,66.7953998330855,66.7339455010244,1.71053410293398,1.43571993569719,12.281848108615,2.54889631699876,0.00150472480782693,0.567772235773838,7901.77309112442,7872.57367660807,,,,,
NON_EVENT_CONTEXT,120,YEAR_2020,21226,-5.81807931960907,-8.30490492630842,-4.09745802480293,-4.33458848939405,12597.8434784795,12601.435217009,112.240115281834,112.25611438585,73.3031170623985,73.2999012062865,1.72062129480614,1.48349083021502,-3.5917385295655,0.125467372699349,-0.000285107410303853,0.506689908602657,12589.7233071816,12557.0597343276,,,,,
NON_EVENT_CONTEXT,120,LONG,62502,-8.25803809996753,-4.54233125944503,-2.29567517491821,-2.54370157356067,8566.85330794772,8561.93838526526,92.5572974321729,92.5307429196657,62.3466693525054,62.3361525386552,5.96236292504932,5.71433652640685,4.91492268245779,0.424946903483032,0.000573713883707749,0.515663498768039,8300.33199273724,8297.27310504182,,,,,
NON_EVENT_CONTEXT,120,SHORT,71745,-4.03343077056682,-5.59468046775313,-7.80736052777041,-8.02298501972362,6809.33505402036,6810.81325859585,82.5186951788524,82.5276514787368,57.1075954864067,57.1029011343861,-3.77392975720359,-3.98955424915681,-1.47820457549949,0.676366018973795,-0.000217085011057883,0.525012195971845,6667.46905693601,6707.82720302223,,,,,
NON_EVENT_CONTEXT,120,YEAR_2016_LONG,10431,-14.3018358766943,-2.88338378297448,22.2787438598463,22.0172947778266,11093.2259385177,11079.5365401311,105.324384349104,105.259377445105,68.969016791002,68.9487762309901,36.5805797365406,36.3191306545209,13.689398386666,1.37890412543445,0.00123403223395413,0.539449717189148,9984.76304039733,10242.4444202431,,,,,
NON_EVENT_CONTEXT,120,YEAR_2016_SHORT,10107,-11.4539182548312,-14.2676481079151,-15.4538809214305,-15.6668979238504,7979.95874316665,7975.21451410329,89.3306148146684,89.3040565377816,57.2835074770641,57.2446922931826,-3.99996266659924,-4.21297966901914,4.74422906336311,1.82256907715386,0.000594517993896537,0.546848718709805,8067.22404194947,8283.90932359868,,,,,
NON_EVENT_CONTEXT,120,YEAR_2017_LONG,15242,-14.8405856774902,-7.50179769380743,-6.61531758309833,-6.85498106841789,4316.31346843935,4316.86792941721,65.6986565192877,65.7028761122161,46.0124419512136,46.0319512099424,8.2252680943919,7.98560460907234,-0.554460977866373,-0.621965595548708,-0.00012845706919129,0.478677338931899,4227.1426708904,4096.17039698683,,,,,
NON_EVENT_CONTEXT,120,YEAR_2017_SHORT,23825,-1.61087383532801,-4.49047864127694,-14.161891790796,-14.2785292763994,3639.71717448001,3651.23493746968,60.3300685767885,60.4254494188474,41.6962427723392,41.7490998754109,-12.551017955468,-12.6676554410714,-11.5177629896762,0.0145097873782436,-0.00316446647844892,0.50090241343127,3308.30869104852,3320.01271739823,,,,,
NON_EVENT_CONTEXT,120,YEAR_2018_LONG,14631,-12.0953691256711,-5.66795492476735,-7.26301313463277,-7.5412931823433,7158.15725617109,7148.15084658569,84.6058937437049,84.5467376460245,62.4019968829523,62.3628978753436,4.83235599103831,4.55407594332777,10.0064095853975,0.896132795942835,0.00139790301152865,0.534891668375367,7208.3688971604,7094.51921688432,,,,,
NON_EVENT_CONTEXT,120,YEAR_2018_SHORT,11318,15.4744772310866,11.296176255704,-3.94540872659989,-4.21108999859422,6961.04858009792,6971.14352519829,83.4328986677193,83.4933741394986,61.6059631716934,61.6396192097427,-19.4198859576865,-19.6855672296809,-10.0949451003716,-0.683623988951206,-0.00145020466158408,0.471549743770984,6933.62291333469,7172.61380717731,,,,,
NON_EVENT_CONTEXT,120,YEAR_2019_LONG,12711,7.04681882376964,1.70961757020471,-9.33416158562798,-9.55131470741429,7426.90497346746,7426.23712893035,86.1794927663621,86.1756179492225,63.3982010762293,63.373394112905,-16.3809804093976,-16.5981335311839,0.667844537103567,1.20018895634348,8.99223215444778e-05,0.534104319093698,7077.25488297466,7161.86850708905,,,,,
NON_EVENT_CONTEXT,120,YEAR_2019_SHORT,14756,-16.2812591595806,-15.200161261878,1.01352819398001,0.689044092565851,8795.57150431679,8773.28521059978,93.7847082648168,93.6658166600803,69.721788651085,69.6287658245799,17.2947873535606,16.9703032521465,22.2862937170104,3.94952599079636,0.00253380848601759,0.596774193548387,8612.02322285331,8484.78385617953,,,,,
NON_EVENT_CONTEXT,120,YEAR_2020_LONG,9487,-5.62517221348245,-5.82479404619307,-5.28423350853594,-5.52564502335458,16317.949601553,16316.056829697,127.741730071081,127.73432126761,79.8140532548252,79.8292135954824,0.340938704946519,0.0995271901278721,1.89277185593222,-0.119180738044179,0.000115993240704437,0.494571518920628,16315.1202903049,16284.281165495,,,,,
NON_EVENT_CONTEXT,120,YEAR_2020_SHORT,11739,-5.97397928688253,-10.5362760585903,-3.13835256316437,-3.37202325064427,9591.39942109823,9599.42352610085,97.9356902313872,97.9766478611146,68.0412334558262,68.023166677255,2.83562672371817,2.60195603623826,-8.02410500262257,0.300573218264162,-0.000836593770140892,0.516483516483517,9579.00338394365,9544.86536364145,,,,,
EVENT,240,POOLED,1107,0.93290817630232,-1.10656562269495,2.66747049400511,10.8839503255392,42611.7720148232,42723.5371138722,206.426190234726,206.69672739033,145.474012338861,145.580709806898,1.73456231770279,9.9510421492369,-111.765099049053,-49.0487473078034,-0.00262286907501008,0.483288166214995,40333.1353869722,40701.9484033086,0.001806684733514,0.00993676603432701,0,0.458063672874805,1.40943594516063
EVENT,240,YEAR_2016,326,-19.2728118608082,-19.4711763486388,18.8491008857218,25.0228276888924,75145.9991812015,75667.8652179617,274.127705971508,275.077925719171,192.088378699814,193.590899477382,38.12191274653,44.2956395497006,-521.86603676021,-580.001627500768,-0.00694469489322813,0.386503067484663,67997.9038966434,68870.876880633,0.00306748466257669,0.00920245398773006,0,0.621156907388499,1.54314846173065
EVENT,240,YEAR_2017,96,2.94006796113094,-4.06093089106108,-21.2242741971187,-15.8251973006011,16038.3625019351,15813.8688020647,126.642656723298,125.753205931558,88.6223747358625,87.6416736683455,-24.1643421582497,-18.7652652617321,224.493699870386,159.83268380171,0.0139972955370787,0.59375,14376.4222569666,14420.8903406713,0,0,0,0.46611448487476,1.40679711764469
EVENT,240,YEAR_2018,209,22.2655227517553,0.581619977816361,-1.35131097005872,0.957348796231578,36818.7690403808,36714.8888608352,191.882174889646,191.611296276695,139.776757599507,139.834629018447,-23.6168337218141,-21.3081739555238,103.880179545579,-28.0669823741455,0.00282139197624043,0.488038277511962,36734.55578084,37145.3035967055,0,0.00956937799043062,0,0.444999467286688,1.78004371686921
EVENT,240,YEAR_2019,201,5.00012059856384,8.35678349108915,0.507606203562802,7.01843814605957,25475.0677725837,25464.1664351587,159.609109303271,159.574955538639,123.383035459141,123.142285255167,-4.49251439500104,2.01831754749573,10.9013374249226,124.031693942396,0.000427921822318433,0.522388059701492,25554.0417564005,25620.7014929583,0,0.0248756218905473,0,0.372235022717516,1.26753214894736
EVENT,240,YEAR_2020,275,4.99963999306682,13.8437480378051,-3.54178757502583,13.8164296686558,30248.5154015378,30245.0577949868,173.921003336394,173.91106288844,130.537599137284,129.660272921109,-8.54142756809265,8.81678967558894,3.45760655103368,243.038660688364,0.000114306652909457,0.527272727272727,30136.1567824422,30209.5130722756,0.00363636363636364,0.00363636363636364,0,0.337387790642011,1.05538957862046
EVENT,240,LONG,555,-5.65830094430044,6.64274063973957,17.5670959661429,26.3283174507975,34591.780826928,34830.2039125689,185.988657791082,186.628518486776,129.032188686327,128.83600650798,23.2253969104434,31.986618395098,-238.423085640899,-81.4199845274283,-0.00689247792224967,0.472072072072072,31353.7518867957,31931.9038406948,0.0018018018018018,0.0144144144144144,0,0.434240255329751,1.10147748751757
EVENT,240,SHORT,552,7.559939085604,-10.1434031084657,-12.3131312035248,-4.64435357757376,50675.3501113482,50659.7688651826,225.111861329758,225.077250883297,162.005193728637,162.416416928094,-19.8730702891288,-12.2042926631778,15.581246165575,-29.7623380971307,0.000307471899678058,0.494565217391304,49361.3198844322,49519.6562515889,0.00181159420289855,0.00543478260869565,0,0.486431822086757,1.61985866582074
EVENT,240,YEAR_2016_LONG,176,-41.3503110853761,-13.0272142481996,63.5203818799816,69.8480912829435,66092.3626293047,67455.2088385822,257.084349250017,259.721406200148,177.994170267344,180.808857066044,104.870692965358,111.19840236832,-1362.84620927754,-912.046232009794,-0.020620328205263,0.284090909090909,55908.6852063763,57488.290256304,0.00568181818181818,0.0113636363636364,0,0.585301615311003,1.08798111600481
EVENT,240,YEAR_2016_SHORT,150,6.63145389601813,-29.0727652898382,-33.5652021475431,-27.5721482614609,85768.9327354271,85304.0487031003,292.863334569944,292.068568495654,208.625583260578,208.588495906685,-40.1966560435612,-34.203602157479,464.884032326791,4.27816276235944,0.00542019140847672,0.506666666666667,82182.5871598902,82226.4451865123,0,0.00666666666666667,0,0.705354401075316,1.91714785977159
EVENT,240,YEAR_2017_LONG,41,-2.97090861507816,1.68548597593521,-7.39877964507263,-1.90205681069276,7196.20182582982,7185.91359377309,84.8304298340508,84.7697681592505,62.2934524892642,61.1382264381421,-4.42787102999446,1.0688518043854,10.2882320567292,140.362178364299,0.00142967530729887,0.609756097560976,6598.16446945246,6591.23382448623,0,0,0,0.384515476234655,1.07842007800564
EVENT,240,YEAR_2017_SHORT,55,7.34643231794136,-15.9284963253992,-31.5305519540985,-26.2042656658055,22629.7913695772,22245.617230064,150.432015773163,149.149647100032,108.249389501508,107.398788876315,-38.8769842720399,-33.5506979837469,384.174139513294,182.87397698296,0.016976477301057,0.581818181818182,20174.7598803862,20257.5433800092,0,0,0,0.493280989284328,1.72868055784084
EVENT,240,YEAR_2018_LONG,81,-16.6034934577232,-19.7599105069712,-0.303499040036866,2.01980727642836,24784.0749936918,24865.9224123911,157.42958741511,157.689322442552,117.572286354811,118.007220629134,16.2999944176863,18.6233007341515,-81.8474186993247,-79.3507920501735,-0.00330241974817103,0.407407407407407,24967.9822530761,24769.0588535786,0,0.0123456790123457,0,0.409828483892346,1.23057327855997
EVENT,240,YEAR_2018_SHORT,128,46.862322071816,10.4142008855379,-2.01437945702568,0.285011789232054,44434.4738668012,44213.0629414913,210.794862050291,210.269025159416,153.828024559041,153.647285889809,-48.8767015288416,-46.5773102825839,221.410925309933,41.633638632224,0.00498286366512724,0.5390625,44180.5905913781,44977.1459732155,0,0.0078125,0,0.47975030342415,1.86667830985768
EVENT,240,YEAR_2019_LONG,105,23.9425355498764,34.1251292404521,-5.48837968367298,1.03717449561861,23345.9809826562,23017.0300491659,152.793916706969,151.713644901063,117.92732581532,116.447443184247,-29.4309152335494,-22.9053610542578,328.950933490315,443.143049377093,0.0140902596354675,0.619047619047619,23581.9100063081,23821.8493305537,0,0.0476190476190476,0,0.398148446833133,1.24083427288387
EVENT,240,YEAR_2019_SHORT,96,-15.7181457544343,-16.5404706004568,7.06571576772694,13.5604452637294,27803.7564490668,28140.7218573384,166.744584466983,167.751965286069,129.35021788207,130.464768770236,22.7838615221612,29.2785910181637,-336.9654082716,-249.759753598831,-0.0121194202261439,0.416666666666667,27711.060858064,27588.1960455884,0,0,0,0.333582377559861,1.2974135862569
EVENT,240,YEAR_2020_LONG,152,20.3290902466856,25.3376583585574,-3.45812957362375,13.9765048500153,18501.9748925032,17980.8953156217,136.021964742843,134.092860792891,104.119307871388,101.245993941023,-23.7872198203093,-6.35258539667024,521.079576881476,633.082965085904,0.0281634571395193,0.585526315789474,18370.8673976338,18594.9935054221,0,0,0,0.308652559153408,0.992553666259349
EVENT,240,YEAR_2020_SHORT,123,-13.9440708894539,-27.9008226428124,-3.64516982066092,13.618613184374,44764.5654614831,45400.7707776168,211.576382097537,213.074566238246,163.184593221968,164.773853449344,10.298901068793,27.5626840738279,-636.205316133741,-1219.9037557089,-0.0142122526952966,0.455284552845528,44675.376184807,44562.4153012328,0.00813008130081301,0.00813008130081301,0,0.38193213144883,1.17359968469083
NON_EVENT_CONTEXT,240,POOLED,134247,-7.70451554293258,-8.52645890784709,-4.93288750448085,-5.04722915857819,17187.1480307598,17185.0020721308,131.099763656384,131.091578952009,94.2185536019436,94.203433071409,2.77162803845174,2.6572863843544,2.14595862897673,0.526744587484018,0.0001248583316521,0.531043524250076,16298.8836404172,16396.9716207864,,,,,
NON_EVENT_CONTEXT,240,YEAR_2016,20538,-15.8655468422462,-15.4993412862114,17.0205122541128,16.8091586112699,22658.8451086164,22644.8273304257,150.528552469677,150.481983408067,103.039459966093,102.969105484682,32.8860590963589,32.6747054535161,14.0177781907419,3.96065212634846,0.000618644865770901,0.565926575129029,20032.0917610709,20796.0087919937,,,,,
NON_EVENT_CONTEXT,240,YEAR_2017,39067,-9.58196237035711,-10.7661941503689,-17.7317425379942,-17.7819930997341,10453.5714751301,10455.9319936714,102.242708664873,102.254251714398,73.0076528916386,73.0070979184404,-8.14978016763711,-8.20003072937701,-2.36051854127671,0.267597770777307,-0.000225809767206542,0.51874984001843,9101.4159049897,9036.99903015679,,,,,
NON_EVENT_CONTEXT,240,YEAR_2018,25949,3.11312196460292,4.01352128042931,-6.20118144557241,-6.25219545482348,16962.7243444998,16962.3867941195,130.241024045804,130.239728171244,97.5806840159232,97.5807065759015,-9.31430341017533,-9.3653174194264,0.337550380287513,0.0112843726943144,1.98995381539557e-05,0.502370033527304,16889.4891017863,16999.826240878,,,,,
NON_EVENT_CONTEXT,240,YEAR_2019,27467,-6.61418623204934,-8.73916628353566,-3.45208306889399,-3.57370769815324,18219.4014501855,18209.6330266722,134.979263037644,134.943073281559,104.235961547054,104.20649608815,3.16210316315534,3.04047853389609,9.76842351329427,2.17206568014717,0.000536155018045048,0.577711435540831,17710.5060813606,17670.9215874937,,,,,
NON_EVENT_CONTEXT,240,YEAR_2020,21226,-10.9881052363639,-11.6923380176726,-2.9837850170884,-3.19021477340081,23224.7239413015,23233.423584476,152.39660081938,152.425140919981,107.649742568394,107.661307534253,8.00432021927549,7.79789046296308,-8.69964317454517,-0.115766265654551,-0.000374585428723817,0.494582116272496,23385.1075608685,23301.2195009132,,,,,
NON_EVENT_CONTEXT,240,LONG,62502,-12.310962818014,-7.03197816977197,6.97585014861919,6.85592215383431,18355.6977483704,18349.4508681728,135.483200982153,135.460144943717,97.7551410501992,97.7381006744769,19.2868129666332,19.1668849718483,6.24688019761246,0.591542295840338,0.000340323766671591,0.531374996000128,16959.8250171221,16975.3506389281,,,,,
NON_EVENT_CONTEXT,240,SHORT,71745,-3.69152275476425,-9.69146580039437,-15.307407273023,-15.4168822818398,16169.1440660222,16170.5707019975,127.157949283646,127.163558860223,91.1375892324283,91.1241412109734,-11.6158845182588,-11.7253595270756,-1.42663597528657,0.477635401868295,-8.82320034665263e-05,0.530754756429019,15723.0921855867,15893.105910397,,,,,
NON_EVENT_CONTEXT,240,YEAR_2016_LONG,10431,-13.1439108453375,0.207485418688425,64.6692319840917,64.4374156833113,26378.0459213046,26352.8163776774,162.413195034469,162.335505597751,115.759654646078,115.676597812722,77.8131428294291,77.5813265286488,25.2295436271569,5.41909916455285,0.000956459917555108,0.570510976895791,20665.6775049934,21342.4834348053,,,,,
NON_EVENT_CONTEXT,240,YEAR_2016_SHORT,10107,-18.6744302976488,-29.5761611423395,-32.1556820175218,-32.3459170312019,18820.4179119062,18817.9713146066,137.187528266626,137.178610995325,89.9114941298495,89.8542491995545,-13.4812517198729,-13.6714867335531,2.44659729955316,2.5965958847296,0.000129996969833734,0.561195211239735,19378.1951651615,20232.0158169103,,,,,
NON_EVENT_CONTEXT,240,YEAR_2017_LONG,15242,-23.2238328595217,-10.1516242435179,1.34642280812244,1.27424942197295,11434.8699433461,11432.284429236,106.933951312696,106.921861325157,77.5827865439737,77.5807114664333,24.5702556676441,24.4980822814946,2.58551411006731,-0.0600934808928474,0.000226107872050796,0.494029654900932,10106.0242309911,9922.98485938515,,,,,
NON_EVENT_CONTEXT,240,YEAR_2017_SHORT,23825,-0.854600775568168,-11.0501692805309,-29.9369637848152,-29.9731892598961,9825.78758205358,9831.31231590112,99.1251107543068,99.152974316967,70.0807195389044,70.0811370496678,-29.082363009247,-29.1185884843279,-5.52473384754262,0.568973757167072,-0.000562268805569754,0.534564533053515,8458.71957319904,8470.19122284939,,,,,
NON_EVENT_CONTEXT,240,YEAR_2018_LONG,14631,-21.7415119994192,-15.3113038043884,-5.17734294048914,-5.22942065713371,16659.1160699934,16655.040248067,129.070198225591,129.054408092351,97.2635904277389,97.2534426916332,16.56416905893,16.5120913422855,4.07582192638422,0.698627930602385,0.000244660155392373,0.566536805413164,16544.4257126107,16264.911078388,,,,,
NON_EVENT_CONTEXT,240,YEAR_2018_SHORT,11318,35.2431934902795,23.5392552018593,-7.52471750917669,-7.5743564430722,17355.2047000665,17359.699686441,131.739154013021,131.756213084776,97.9905971002778,98.0037670009528,-42.7679109994562,-42.8175499333517,-4.49498637452261,-0.801773645738845,-0.000258999329146858,0.419420392295459,17335.5592950209,17949.8654476628,,,,,
NON_EVENT_CONTEXT,240,YEAR_2019_LONG,12711,10.9766071864481,7.52801455799368,-10.737805790271,-10.8338842875897,16015.4817122356,16014.9044021227,126.5522884512,126.550007515301,96.2994008786195,96.2958504199345,-21.7144129767191,-21.8104914740377,0.577310112877235,0.606688099293109,3.60470027223059e-05,0.526709149555503,15404.3990941998,15525.7299555552,,,,,
NON_EVENT_CONTEXT,240,YEAR_2019_SHORT,14756,-21.7671121701437,-22.444643709344,2.82392814765679,2.68029776595129,20117.8850357832,20100.1992740731,141.837530420489,141.775171571305,111.072612580971,111.020823621945,24.5910403178005,24.447409936095,17.6857617101431,3.96387331531074,0.000879106410971664,0.621645432366495,19697.0150210327,19518.8160598149,,,,,
NON_EVENT_CONTEXT,240,YEAR_2020_LONG,9487,-10.5198266535685,-12.953969839905,-4.9377458960719,-5.14796979122002,26406.221220906,26404.0189239711,162.499911448917,162.493135005671,113.076922070906,113.079719372953,5.58208075749662,5.37185686234849,2.20229693485233,0.0242773407926506,8.34006848776658e-05,0.500368925898598,26621.3207915289,26542.0383942368,,,,,
NON_EVENT_CONTEXT,240,YEAR_2020_SHORT,11739,-11.3665496451704,-10.8903285453055,-1.4046703685735,-1.60803385048993,20653.5624546665,20671.072618824,143.713473462534,143.77438095441,103.263708669395,103.282359317732,9.96187927659691,9.75851579468048,-17.5101641574103,-0.178256970148425,-0.000847803578479356,0.489905443393815,20769.7267857365,20682.116609614,,,,,
